id,medication
,A-DEMA EXOMEGA ATOPIC SKIN CRE
,A-DEMA SKIN CARE CREAM 50ML
,A-DERMA EXOMEGA BATH TREAT.250ML
,A.S.A PIRIN 325MG TAB
,ABBOSYNAGIS 100MG<><> AMP
,ABBOSYNAGIS 50MG<><> AMP
,ABIPLATIN 50MG AMP
,ABITREN 100MG TAB
,ABITREN 50 SUP
,ABITREN 75MG AMP
,ABITREXATE 500MG AMP
,ABITREXATE 5GM AMP
,ABITREXATE W/O 50MG AMP
,ABITREXATE W/O P. AMP
,ABITREXATE W/O.P 1GM/10ML VIA
,ABROLET SUP
,ABROLET FORTE SUP
,ACADIONE 29/M <><> TAB
,ACAMOL CPL
,ACAMOL FOCUS CPL 30/BOX
,ACAMOL TSINUN DAY/NIGHT 21/14
,ACAMOL TSINUN DAY/NIGHT 35/14
,ACAMOL TSINUN LIQUIGEL 30+10
,ACAMOLI 0.15 SUP
,ACAMOLI BABY 80MG BOX OF 12SUP
,ACAMOLI FORTE BOX OF 12 SUP
,ACAMOLI FRUIT SYR
,ACAMOLI RASPBERRY SYR
,ACAMOLI STRAWBERRY SYR
,ACERIL 12.5MG TAB
,ACERIL 25MG TAB
,ACERIL 50MG TAB
,ACETAZOLAMIDE SOD. AMP
,ACETON 100 ML BOT
,ACETON BP (GADOT) 100ML
,ACETOSAL 300MG TAB
,ACETYLCYSTEINE 20% 30ML 29/M
,ACIDOPHILUS PROBIOTIC(D.H) CAP
,ACLASTA I.V FOR INFU<><>
,ACNETRIM SOL BOT
,ACT-HIB VIA
,ACTIQ 200 MCG LOZ
,ACTIQ 400 MCG LOZ
,"ACTIQ 1,200 MCG LOZ"
,"ACTIQ 1,600 MCG LOZ"
,ACTIQ 600 MCG LOZ
,ACTIQ 800 MCG LOZ
,ACTIVELLE (M) BOX OF 28
,ACTONEL 75MG(M) BOX OF 2
,ACTONEL ONCE A WEEK(M)BOX OF 4
,ACYCLO-V 200MG TAB
,ACYCLO-V 400MG TAB
,ACYCLOVIR TEVA 200MG CAP
,ACYCLOVIR-TEVA IV AMP
,ADAFERINE 0.1% 30GM (N)CR
,ADAFERINE 0.1% 30GM (N)GEL
,ADEX 200MG BOX OF 30 CPL
,ADEX 200MG BOX OF 40 CPL
,ADEX FORTE CPL
,ADEX FORTE CPL BOX OF 40
,ADEX LIQUI-GELS 200MG BOX OF20
,ADEX LIQUI-GELS 200MG BOX OF30
,ADEX LIQUI-GELS 400MG BOX OF20
,ADIAZINE 29/M TAB
,ADIN 0.1MG/ML SPR
,ADIZEM CD 240MG CAP
,ADRENALIN 1MG AMP
,ADRENALINE 29/M I.M AMP
,ADVIL CHILD FRUIT SYR
,ADVIL CHILD GRAPE SUS
,ADVIL LIQUI-GELS BOX OF 16 CAP
,ADVIL LIQUI-GELS BOX OF 40 CAP
,AERIUS 0.5MG/ML(M) SYR
,AERIUS 5MG (M) TAB
,AEROVENT INHALER
,AEROVENT SOL 20ML
,AETHOXYSKLEROL 3% 29/M AMP
,AFALPI 30MG/5ML SYR
,AFLUMYCIN CREAM
,AGENERASE ORAL SOL
,AGIOLAX GRA
,AGISERC(N)(BETAHISTINE)16MG TA
,AGISPOR CREAM
,AGISPOR GEL
,AGISPOR SHAMPOO
,AGISPOR SOL BOT
,AGISTEN SOL
,AGISTEN 0.2 VAG TAB
,AGISTEN 0.5 FORTE VAG TAB
,AGISTEN 20GM CR
,AGISTEN ALOEVERA CR 1% 20GM
,AGISTEN V 200MG BOX OF 3 VAG T
,AGISTEN VAGINAL CREAM
,AGRIPPAL 0.5ML VAC
,AGRYLIN CAP
,AHISTON TAB
,AHISTON COMPOUND DRP
,AK-PENTOLATE 29/M COL
,AKILEN ANTI CHAFING CR
,AKINETON 29/3 AMP
,AKNE- MYCIN 25ML EML
,AKNEMYCIN 25ML SOL
,AKNEMYCIN PLUS (M) SOL
,ALBUMIN (KAMAPHARM)
,ALBUMIN 29/M 25GM/500ML
,ALBUMIN HUMAN (OMRIX) AMP
,ALBUMINATIVE 1GM/5ML 29/M AMP
,ALCOHOL 70% 100ML SPT
,ALCON AZOPT COL
,ALCOTINT 100ML SPT
,ALCOXIDINE 100ML
,ALCOXIDINE 300ML
,ALDACTONE 100MG TAB
,ALDARA 5%(M) CR
,ALDOMIN 0.25 TAB
,ALDOSPIRONE 100MG TAB
,ALDOSPIRONE 25MG TAB
,ALENDRONATE-TEVA 10MG TAB
,ALENDRONATE-TEVA 70MG BOX 4
,ALGICAL KID SUS
,ALGOLYSIN FORTE TAB
,ALIMTA 500MG <><> AMP
,ALINIA 500MG 29/3 ## TAB
,ALKASOLVE TAB
,ALKERAN 2MG TAB
,ALLEGRO (M) NASAL SPRAY
,ALLERGYX 10MG TAB
,ALLORIL 100MG TAB
,ALLORIL 300MG TAB
,ALPHA D3 0.25MCG CAP
,ALPHA D3 1MCG CAP
,ALPHA D3 DROPS
,ALPHAGAN P COL
,ALPHOSYL SHAMPOO +C0NDITIONER
,ALRIN DROPS NAR
,ALRIN KIDS METERED DOSE SPR
,ALRIN SPRAY
,ALSEPA BOX OF 130 CAP
,ALTERNA BOX OF 60
,ALTERNA FORTE BOX OF 60
,ALUCAP CAP
,AMARYL 1MG (M) TAB
,AMARYL 2MG (M) TAB
,AMARYL 3MG (M) TAB
,AMBISOME <><>*????????* AMP
,AMBUTYRATE 29/3 ## PWD
,AMEVIVE 15MG <><> AMP
,AMIKACIN PHARMACARE 500MG/2ML
,AMIKIN 0.5GM/2ML AMP
,AMILORIDE 29/M ## TAB
,AMINOPHYLLIN 250MG AMP
,AMIODACOR 200MG TAB
,AMLODIPINE-10MG TEVA TAB
,AMLODIPINE-10MG TEVA *?????* TAB
,AMLODIPINE-5MG TEVA TAB
,AMLODIPINE-5MG TEVA *?????*TAB
,AMLOW 5MG TAB
,AMLOW 10MG TAB
,AMMONAPS 500MG 29/3 ## TAB
,AMOXICLAV-TEVA 250/5ML SYR
,AMOXICLAV-TEVA 500MG TAB
,AMOXYCLAV 1GM AMP
,AMYTAL 50MG 29/3 ## TAB
,AMZOATE (N) 29/3 ## LIQ
,ANACRODYNE 100MG TAB
,ANAFRANIL 25MG TAB
,ANAFRANIL SR 75MG TAB
,ANAPOLON 29/3 ## TAB
,ANDROCUR 10MG TAB
,ANDROCUR 50MG TAB
,ANESTHETICA AUR
,ANGELIQ (N) BOX OF 28 TAB
,ANTURAN 100MG 29/3 ## TAB
,ANTURAN 200MG 29/3 ## TAB
,API 2% 29/3 ## SOL
,APO SULFATRIM 29/M DS TAB
,APO-GO 20 MG/2 ML <><> AMP
,APO-GO 30 MG/3 ML PEN<><>
,APO-GO 50 MG/5 ML <><> AMP
,APO-METFORMIN 29/M 850MG TAB
,APO-METHYLDOPA 29/M TAB
,APOVENT SOL
,APRESOLINE 29/M AMP
,AQUA CREAM 100GM
,AQUA CREAM 100GM(TAMAR) CR
,AQUA CREAM 500GM
,AQUA CREAM 500GM(TAMAR) CR
,AQUOSUM 100GM UNG
,AQUOSUM 50GM UNG
,ARAGEST 5MG TAB
,ARAMIN 10 ML 29/M AMP
,ARANESP PREFIL.SYRI.100<><>
,ARANESP PREFIL.SYRI.10<><>
,ARANESP PREFIL.SYRI.150<><>
,ARANESP PREFIL.SYRI.20<><>
,ARANESP PREFIL.SYRI.30<><>
,ARANESP PREFIL.SYRI.40<><>
,ARANESP PREFIL.SYRI.50<><>
,ARANESP PREFIL.SYRI.60<><>
,ARANESP PREFIL.SYRI.80<><>
,ARANESP SURECLICK 100MCG<><>AMP
,ARANESP SURECLICK 150MCG<><>AMP
,ARANESP SURECLICK 20MCG<><> AMP
,ARANESP SURECLICK 300MCG<><> AMP
,ARANESP SURECLICK 40MCG<><>AMP
,ARANESP SURECLICK 500MCG<><>AMP
,ARANESP SURECLICK 60MCG<><>AMP
,ARANESP SURECLICK 80MCG<><>AMP
,ARCOXIA 120MG (N) TAB
,ARCOXIA 60MG (N) TAB
,ARCOXIA 90MG (N) TAB
,AREDIA 30MG AMP
,AREDIA 90 MG AMP
,ARICEPT 5MG <><> TAB
,ARICEPT 10MG <><> TAB
,ARIMIDEX 1MG <><> TAB
,ARMOCUR (ANDROCUR) 50MG TAB
,AROMASIN <><> TAB
,ART-50 TAB
,ARTOFEN 200MG BOX OF 20 TAB
,ARTOFEN 400MG TAB
,ASACOL 400MG TAB.
,ASACOL 800 MG TAB
,ASENTA 10MG <><> TAB
,ASENTA 5MG<><> TAB
,ASSIVAL 2MG TAB
,ASSIVAL 5MG TAB
,ASSIVAL 10MG AMP
,ASSIVAL 10MG TAB
,ASTONIN H 0.1MG 29/M TAB
,ASTONIN H RO 0.1 29/M TAB
,ATACAND 8MG TAB
,ATACAND 16MG TAB
,ATACAND PLUS TAB
,ATRIANCE 5MG/ML 50 ML<><>AMP
,ATROPINE SULF 1MG AMP
,ATROSPAN (ATROPINE 1%) COL
,ATROVENT INH
,ATZIRUT X 5MG TAB
,AUGMENTIN 125MG 100ML SYR
,AUGMENTIN 250MG TAB
,AUGMENTIN 250MG 100ML SYR
,AUGMENTIN 400MG 35ML SUS
,AUGMENTIN 400MG 70ML SUS
,AUGMENTIN 500 MG TAB
,AUGMENTIN BID 875 TAB
,AUGMENTIN I.V 500 MG AMP
,AUGMENTIN I.V. 1GM AMP
,AVANDIA 4MG <><> TAB
,AVANDIA 8MG <><> TAB
,AVASTIN 100MG/4ML ## AMP
,AVASTIN 400MG/16ML ## AMP
,AVAZINC TAB
,AVENE HIGH PROTECTION SPF 20
,AVENE SPF 50 PLUS
,AVILAC 300ML SYR
,AVODART 0.5MG (N) CAP
,AVONEX ## AMP
,AXERA CR
,AXERA SHAMPOO
,AZACTAM 1GM AMP
,AZATHIOPRINE AMP
,AZENIL 200MG/5ML 15ML SUS
,AZENIL 200MG/5ML 22.5ML SUS
,ALRIN METERED DOSE SPR
,AZENIL 250MG <><> CAP
,AZILECT 1MG (M) TAB
,AZITHROMYCIN 200 MG/5ML 15ML
,AZITHROMYCIN 200 MG/5ML 22.5ML
,AZOPI TAB
,B COMP.+VIT.C TIME RE.NEW BOX
,B-CARD BOX OF 30
,B.C.G. (IMMUCYST) 81MG AMP
,B.C.N.U. 0.1 AMP
,BABY AGISTEN
,BABY D3 DRP 200IU 10ML
,BABY GEL
,BABY PASTE 25GM
,BABY PASTE 80G
,BABYAF SALINE NAR
,BABYZIM DR
,BACLOSAL 10MG TAB
,BACLOSAL 25MG TAB
,BACTODERM UNG
,BACTROBAN 2% 15GM UNG
,BALNEUM HERMAL 200ML BOT
,BALNEUM HERMAL F 200ML BOT
,BAMYXIN OCUL
,BARACLUDE 0.5 MG <><>TAB
,BARACLUDE 1MG <><> TAB
,BARIUM BAG EMPTY E-Z 920
,BATRAFEN LACQUER
,BAYHEP B 500IU/5ML<><> AMP
,BAYRAB AMP
,BAYTET AMP
,BECILAN(VIT B6) 50MG 29/M AMP
,BEDODEKA (VIT. B12 1000MCG) AMP
,BELARA BOX OF 1 OP(N) TAB
,BELARA BOX OF 3 OP (N) TAB
,BEN-GAY GREASELESS 114 GM UNG
,BEN-GAY GREASELESS 56 GM UNG
,BEN-GAY ULTRA STRENGTH CR
,BENAZEPRIL- 5MG TEVA TAB
,BENAZEPRIL-10MG TEVA TAB
,BENAZEPRIL-20MG TEVA TAB
,BENEFIBER PWD 168GM
,BENEFIX FAC.IX 1000 U <><> AMP
,BENEFIX FAC.IX 500 U<><> AMP
,BENEMID 0.5 29/M TAB
,BENERVA 100 MG/ 29/M AMP
,BENTELAN EFFERV.29/M TAB
,BENURIDE 29/3 ## TAB
,BENURYL 500MG 29/M TAB
,BENZAMYCIN (M) GEL
,BENZIN 100ML
,BENZIN BP (GADOT)
,BENZTROPINE 29/M TAB
,BERIGLOBIN P 16% 2ML AMP
,BETACORTEN CREAM
,BETACORTEN UNG
,BETACORTEN SCALP APPLICATION
,BETACORTEN-G CREAM
,BETACORTEN-G UNG
,BETAFERON ## AMP
,BETAPRED 0.5MG 29/M TAB
,BETAREN 100MG TAB
,BETHANECHOL 25MG 29/M TAB
,BETHANECHOL 25MG 29/M WO. TAB
,BETISTINE (N) 16MG TAB
,BETNESOL 0.5MG 29/M TAB
,BETNESOL 5MG/100ML 29/M ENM
,BETNESOL RET ENEMA 7X100ML
,BETNOVATE CR
,BETNOVATE UNG
,BETNOVATE SCALP APPL SOL
,BETOPTIC S COL
,BEVITEX SUBLINGUAL BOX OF 30
,BEZAFIBRATE S.R. 400MG TAB
,BEZALIP RETARD TAB
,BIAFINE 100GM EML
,BIAFINE 200GM EML
,BICIDE CREAM 1% 50.0
,BIFONAZOL CR
,BIFONAZOLE-TEVA CR
,BILTRICIDE TAB
,BIO-TROPIN 12U (4MG)<><> AMP
,BIODERMATIN 5MG 29/M ## TAB
,BIOTAX <><> AMP
,BLASTOVIN 10 MG AMP
,BLEOMYCIN AMP
,BLEPHAMIDE (N) COL
,BOIRON COCCULINE TAB 30/BOX
,BOIRON CORYZALIA TAB 40/BOX
,BOIRON HOMEOVOX TAB 60/BOX
,BOIRON INFLUGIP TAB 60/BOX
,BOIRON OSCILLOCOCCINUM GRA 6T
,BONDORMIN 0.25MG TAB
,BONEFOS 60MG/ML AMP
,BONEFOS 800MG TAB
,BONSERIN 30MG (BOLVIDON) TAB
,BORIC ACID 1.9% COL
,BOTOX 100 I.U.<><> AMP
,BRICALIN ELIXIR
,BRICALIN SOL
,BRICALIN TURBUHALER
,BRONCHO D (DIPHEN.COM) SYR
,BRONCHOKID STRAWBERRY SYR
,BRONCHOLATE (N)(NEW) SYR
,BRONCHOLATE FORTE NEW FORM.SYR
,BRONCHOLATE PLUS NEW FORMULA TAB
,BROTIZOLAM-TEVA TAB
,BUDESON 3MG CAP
,BUDICORT 50 MCG/1 INHALER
,BUDICORT 100MCG TURBUHALER
,BUDICORT 200 MCG/1 INHAL.
,BUDICORT 200MCG TURBUHALER
,BUDICORT RESPULES<><> SUS
,BUFFERED PIRIN 325MG TAB
,BUPHENYL 29/3 ## GRAN
,BUTAZOLIDIN 29/3 ## TAB
,BUTRANS PAT 10MCG (M)
,BUTRANS PAT 20MCG (M)
,BUTRANS PAT 5MCG (M)
,C 500MG TAB
,C1 EST.INHIBITOR 29/3## AMP
,CABASER 1MG (N) TAB
,CABASER 2MG (N) TAB
,CABOTRIM 0.5 MG TAB
,CADEX 1MG TAB
,CADEX 2MG CPL
,CADEX 4MG CPL
,CAFERGOT ERGO C COFFEIN TAB
,CALAMINE LOT
,CALAMINE (FLORISH) LOT
,CALCIFEROL (N) 29/M DRP
,CALCIFEROL 29/3## AMP
,CALCIJEX 1MCG AMP
,CALCILES TAB
,CALCIMORE TAB
,CALCIPARINE AMP
,CALCITROL 29/M 1MCG VIA
,CALCITROL A.REGENT 29/M AMP
,CALCIUM ACETATE (N) 29/M TAB
,CALCIUM FOLINAT 200MG/20 ML AMP
,CALCIUM FOLINATE 800MG/80ML AMP
,CALCIUM GLUCONATE 10ML AMP
,CALCIUM MAGNES.+ZINC NEW D.H TAB
,CALCIUM SANDOZ 10ML AMP
,CALCIUM SANDOZ FORTE TAB
,CALM YOUNG CLEANSING GEL 160ML
,CALM YOUNG MOISTURISER CR 50ML
,CALM YOUNG SPOT TREAT. SUS 25M
,CALMANERVIN ELX
,CALMANERVIN BOX OF 30 TAB
,CALMURID 100GM CREAM
,CALTRATE TAB
,CALTRATE 600 + VIT.D TAB
,CAMPTO (CPT11) 100MG<><> AMP
,CAMPTO (CPT11) 40MG<><> AMP
,CAPASTAT 29/M AMP
,CAPTOPRIL-TEVA 12.5MG TAB
,CAPTOPRIL-TEVA 25MG TAB
,CAPTOPRIL-TEVA 50MG TAB
,CARBOKAL 125MG TAB
,CARBOPLATIN 150MG AMP
,CARBOPLATIN 450MG AMP
,CARBOPLATIN 50 MG AMP
,CARBOPLATIN EBEWE 450MG/45ML AMP
,"CARBOPLATINE 150MG ""EBEWE"" AMP"
,CARBOSYLANE 48 CAP
,CARDILOC 10MG TAB
,CARDILOC 5MG TAB
,CARDILOC 2.5MG TAB
,CARDIOXANE AMP
,CARDORAL 1MG TAB
,CARDORAL 2MG TAB
,CARDORAL 4MG TAB
,CARDOXIN FORTE 75MG TAB
,CARMUBRIS 29/M 100MG AMP
,CARNITIN 30% 20ML SOL
,CARNITINE 29/3 ## AMP
,CARVEDEXXON 12.5MG TAB
,CARVEDEXXON 6.25MG TAB
,CARYOLYSINE 10MG 29/M AMP
,CASODEX 150MG TAB
,CASODEX 50MG TAB
,CATAFLAM COATED(N) TAB
,CECLOR 250MG/5ML SYR
,CECLOR 500MG CAP
,CEENU 10MG TAB
,CEENU 40MG TAB
,CEFACLOR-TEVA 250MG SYR
,CEFALOR 250MG/5ML SYR
,CEFALOR 500 CAP
,CEFAMEZIN 1GM AMP
,CEFORAL 125MG SYR
,CEFORAL 250MG SYR
,CEFORAL 250MG (10) CAP
,CEFORAL 500MG CAP
,CEFOTAXIME SODIUM 1 GM AMP
,CEFOVIT 125MG SYR
,CEFOVIT 250MG CAP
,CEFOVIT 250MG SYR
,CEFOVIT 5OOMG CAP
,CEFTRIAXONE -TEVA 1GM AMP
,CEFURAX 250MG TAB
,CEFURAX 500MG TAB
,CEFUROXIME-TEVA AMP
,CELCOX 100MG(M) CAP
,CELCOX 200MG(M) CAP
,CELECOXIB TEVA 100MG (M) CAP
,CELECOXIB TEVA 200MG (M) CAP
,CELESTON CHRONODOSE AMP
,CELLCEPT 250MG <><> TAB
,CELLCEPT 500MG <><> TAB
,CELLCEPT ORAL 29/M ## SUS
,CELLUSPAN COL
,CELONTIN 0.3 29/M CAP
,CEMIDIN 200MG TAB
,CEMIDIN 400MG TAB
,CEMIDIN 800MG TAB
,CENTRUM SILVER W/LYCOPENE B100
,CENTRUM SILVER [NEW FORMULA] BOX
,CENTRUM WITH LYCOPENE BOX OF50
,CENTRUM [NEW FORMULA] BOX OF 50
,CERAZETTE [1*28] (M) TAB
,CERAZETTE [3*28](M) TAB
,CEREZYME 200 U ## AMP
,CEREZYME 400 U ## AMP
,CEROXIM 250 MG TAB
,CEROXIME 500 MG TAB
,CERTICAN 0.25MG <><> TAB
,CERTICAN 0.5MG <><> TAB
,CERTICAN 0.75MG <><> TAB
,CERUBIDIN 20MG AMP
,CERUMOL AUR
,CERVARIX PTRC (M) IM AMP
,CETOMACROGOL 100ML CR
,CETRIMIDE SHAMPOO
,CETROTIDE 250MCG<><> AMP
,CHAMOMILE 2GMX10 TEA BAGS
,CHAMPIX STARTER PAC TAB 53
,CHAMPIX TAB 1MG 56
,CHENOFALK 250MG 29/M CAP
,CHLORAZIN 29/M AMP
,CHLORHEXIDINE AQ.ST.29/M SOL
,CHLOROPTIC COL
,CHLORPROMAZINE HCL 29/M AMP
,CIALIS 10MG(M) TAB
,CIALIS 20(M) TAB
,CIBACEN 5MG TAB
,CIBACEN 10MG TAB
,CIBACEN 20MG TAB
,CICLODERM (N) CR
,CICLODERM-C (N) CR
,CILARIL 1 MG TAB
,CILARIL 2.5 MG TAB
,CILARIL 5 MG TAB
,CILARIL PLUS TAB
,CILAZAPRIL TEVA 2.5 MG TAB
,CILAZAPRIL TEVA 5 MG TAB
,CILOXAN COL
,CIMETAG 0.2 TAB
,CIMETAG 0.8 TAB
,CIPRALEX 10MG(M) TAB
,CIPRALEX 20 MG (M) TAB
,CIPRAMIL 20MG TAB
,CIPRODEX 250 MG TAB
,CIPRODEX 500MG TAB
,CIPRODEX 750MG TAB
,CIPROFLOXACIN-TEVA 250MG TAB
,CIPROFLOXACIN-TEVA 500MG TAB
,CIPROFLOXACIN-TEVA 750MG TAB
,CIPROGIS 250MG TAB
,CIPROGIS 500MG TAB
,CIPROGIS 750MG TAB
,CIPROXIN 100MG/ML ## SUS
,CIPROXIN 200MG/100ML AMP
,CIPROXIN 50MG/ML ## SUS
,"CISPLATIN ""EBEWE"" 50MG AMP"
,CITALOPRAM TEVA 20MG TAB
,CLAFORAN I.V. 1GM AMP
,CLARINASE (14) TAB
,CLARITHROMYCIN 250MG TEVA(N)TAB
,CLARITHROMYCIN 500MG TEVA(N) TAB
,CLAVAMOX 125MG/5ML SUS
,CLAVAMOX 1GM AMP
,CLAVENTIN 250MG/5ML SYR
,CLEAN AF NAR 0.9%
,CLEAN-EARS SPR
,CLEAREX-10 GEL
,CLEAREX-5 GEL
,CLEXAN ENOXAPARIN 20MG AMP
,CLEXAN ENOXAPARIN 40 MG AMP
,CLEXANE 40MG/0.4ML AMP
,CLEXANE 60MG AMP
,CLEXANE 80MG AMP
,CLEXANE 100 MG/ 1ML AMP
,CLEXANE 100MG AMP
,CLEXANE FORTE 120MG/0.8ML AMP
,CLINDAC AMP
,CLINDAMYCIN AMP
,CLONEX 0.5 MG TAB
,CLONEX 2 MG
,CLONNIRIT TAB
,CLOPIXOL 10MG TAB
,CLOPIXOL 25MG TAB
,CLOPIXOL 2MG TAB
,CLOPIXOL ACUPHASE 50MG AMP
,CLOPIXOL ACUPHASE 100MG AMP
,CLOPIXOL DEPOT 200MG AMP
,CLOPIXOL DEPOT 500MG AMP
,CLOPIXOL DROPS 20MG/ML BT
,CLOTREE-TEVA VAG TAB
,CLOTRIMADERM 15GM CR
,CLOTRIMAZOLE 20GM CR
,CLOTRIMAZOLE-VAGINAL TAB
,CLOTRISONE (N) CR
,CO-DIOVAN 160/12.5MG TAB
,CO-DIOVAN 160/25MG TAB
,CO-DIOVAN 80MG/12.5 TAB
,COBLAMIN-H 29/3## AMP
,COD-ACAMOL FORTE TAB
,COD-GUAIACOL SYR
,CODABROL TAB
,CODICAL 20MG TAB
,COENZYME Q-10 50MG BOX OF 100 CA
,COGENTIN 2MG 29/M TAB
,COLCHICINE 0.5MG TAB
,COLCHICINE 29/3 ## AMP
,COLDEX X 20 TAB BX
,COLDEX CAPL BOX OF 20
,COLESTID PWD
,COLIRACIN 1 UN (N)<><> AMP
,COLIRACIN IMPORT 29/M (N)<><>AMP
,COLOMYCIN 29/3 80ML<><> SYR
,COLOMYCIN 29/M TAB
,COLOTAL 135 MG TAB
,COMAGIS 7GM (N) CREAM
,COMAGIS 15GM (N) CREAM
,COMBANTRIN 29/M 15ML SUSP
,COMBIVIR TAB
,COMTAN 200MG TAB
,CONCERTA 27 MG (M) TAB
,CONCERTA 54MG (M) TAB
,CONCERTA E.R. 18MG(M) TAB
,CONCERTA E.R. 36MG(M) TAB
,CONDYLOX SOL
,CONTALAX SUP
,CONTROLOC (N) 20MG<><> TAB
,CONTROLOC (N) 40MG 14<><>TAB
,CONTROLOC (N) 40MG 28<><>TAB
,CONVERTIN 5MG TAB
,CONVERTIN 10MG TAB
,CONVERTIN 20MG TAB
,COPAXONE PREF.SYR.20MG##
,COPEGUS 200MG<><> TAB
,CORTIFOAM 10% 15GM AEROSOL
,CORTISON ACET 25MG TAB
,COSM.DH -TEA TREE 75ML CR
,COSM.DH CLEANSING 125ML GEL
,COSM.DH- MINERAL ACTIVE 75ML CR
,COSM.DH- NIGHT 50ML CR
,COSM.DH-ANTI AGING BOX OF 10 AMP
,COSM.DH-ANTISTRESS
,COSM.DH-DAY 50ML CR
,COSM.DH-FOOT
,COSM.DH-FOOT PEELING
,COSM.DH-HAND 300ML GEL
,COSM.DH-JUNIPER 75ML CR
,COSM.DH-MAGIC AROMATIC HERBAL
,COSM.DH-THYME 75ML CR
,COSMEGEN 29/M AMP
,COSMEGEN 29/M INJ
,COSOPT COL
,COUMADIN 1 MG TAB
,COUMADIN 2 MG TAB
,COUMADIN 2.5 MG TAB
,COUMADIN 5 MG TAB
,CRAN LIFE BOX OF 60 CAP
,CRANBERRY CONC.W/VI.C+E BOX100
,CREON 10000 CAP
,CREON 25000 CAP
,CRESTOR 10MG <><> TAB
,CRESTOR 20MG <><> TAB
,CRESTOR 40MG <><> TAB
,CRINONE VAG. GEL
,CRIXIVAN 400MG CAP
,CROMOLYN COL
,CROMOPTIC (OPTICROM) COL
,CURATANE 10MG (M) CAP
,CURATANE 20MG (M) CAP
,CYCLOMED 5% 2GM CR
,CYCLOPENTOLAT 29/M COL
,CYCLOSERINE CAP
,CYCLOSPORIN(MODI.)100MG CAP
,CYCLOSPORIN(MODI.)25MG CAP
,CYMBALTA 30MG <><> CAP
,CYMBALTA 60MG <><> CAP
,CYMEVENE 250MG 29/M <><> TAB
,CYMEVENE 500MG AMP
,CYSTADANE PWD
,CYSTAGON 50MG 29/3 ## CAP
,CYSTAGON 150MG 29/3 ## CAP
,CYTADREN 29/3 ## TAB
,CYTARABINE 2 GM/20ML 29/M AMP
,CYTOMEL 25MCG 29/M TAB
,CYTOSAR 100 MG AMP
,CYTOSAR 500MG AMP
,CYTOVIS 100MG AMP
,D-VIT 400IU BOX OF 90 TAB
,DACARBAZINE MEDAC 1000 MG AMP
,DACARBAZINE MEDAC 200 MG AMP
,DACARBAZINE MEDAC 500 MG AMP
,DACARBAZINE-DACIN 200 MG AMP
,DACOGEN 50 MG ## 29/M AMP
,DAIVOBET 30GM (M) UNG
,DAIVOBET 60GM (M) UNG
,DAIVONEX 30GM CR
,DAIVONEX SCALP 30ML SOL
,DAKTACORT CREAM
,DAKTARIN CREAM
,DAKTARIN ORAL GEL
,DALACIN VAG (N) CR
,DALACIN VAGINAL(N) TAB
,DALACIN-C AMP
,DALACIN-C 0.15 CAP
,DALACIN-C 75MG/5ML 29/M SYR
,DALAGIS 1% 25ML LOT
,DALAGIS SOL
,DANALONE 15MG/5ML 60ML SYR
,DANOL 0.2 CAP
,DANOL 200MG (60) CAP
,DANTRIUM 25MG 29/M CAP
,DANTRIUM 25MG 29/M(100)CAP
,DAPSON 29/M PCH 100MG TAB
,DAPSONE 100MG 29/M TAB
,DAPSONE 100MG 29/M (28) TAB
,DARAPRIM TAB
,DECAPEPTYL 0.1MG AMP
,DECAPEPTYL CR 3.75<><> AMP
,DECAPEPTYL DEPO 11.25 VIA
,DECAPEPTYL EMBO <><> AMP
,DECOSTRIOL 1 MCG/1 ML 29/M AMP
,DEFEROXAMINE-TEVA AMP
,DEKINET TAB
,DEMERGIN 29/M AMP
,DEPALEPT 0.2 TAB
,DEPALEPT 0.5 TAB
,DEPALEPT 200MG/1ML 50ML SOL
,DEPALEPT 40MG/1ML SYR
,DEPALEPT CHRONO 500MG(N)TAB
,DEPO MEDROL 40MG 1ML AMP
,DEPO MEDROL 80MG 2ML AMP
,DEPO PROVERA 150MG (N) AMP
,DEPONIT 10MG TTS BOX OF 10
,DEPONIT 5MG TTS BOX OF 10
,DEPONIT NT 10 BOX OF 10 PAT
,DEPONIT NT 5MG BOX OF 10 PAT
,DEPOPROVERA 500MG AMP
,DEPREXAN 25MG TAB
,DERALIN 10MG TAB
,DERALIN 40MG TAB
,DERMACOL LOT
,DERMACOL KIT LOT.200GM+CR.100G
,DERMACOL(CETOMACROGOL)50% CR.
,DERMACOMBIN 15G UNG
,DERMACOMBIN 15GM CREAM
,DERMALAR CR 0.025% 14G
,DERMASILK 100ML CR
,DERMAX SOAPLESS SOAP
,DERMEDAL 29/M PWD
,DERMOVAT SCALP
,DERMOVATE 25GM UNG
,DERMOVATE CREAM 25GR
,DESFERAL 0.5 GR AMP
,DESOREN AUR
,DETHAMYCIN COL
,DETICENE 200 MG AMP
,DETRUSITOL 2MG SR CAP
,DETRUSITOL 4MG SR CAP
,DEXACORT FORTE AMP
,DEXAMETHASON 0.5MG TAB
,DEXAMETHASONE 2MG TAB
,DEXAMETHASONE MERCK 29/M AMP
,DEXAMOL CPL
,DEXAMOL COLD DAY/NIGHT B(30+20
,DEXAMOL KID BOX OF 20 TAB
,DEXAMOL KID RASP SYR
,DEXAMOL PLUS BOX OF 20 CAP
,DEXAMOL SINUS DAY/NIGHT B(30+20)
,DEXAMYCIN EYE DROPS COL
,DEXEFRIN COL
,DEXIMUNE 100MG CAP
,DEXIMUNE 25MG CAP
,DEXIMUNE 50MG CAP
,DEXOTIC AURIST DROPS
,DEXTROSE 50% 20ML AMP
,DIAMINOPYRIDINE 29/3 ## TAB
,DIAMOX SR 250 MG <><>29/M TAB
,DIANE 35 TAB
,DIATRIM 50MG CAP
,DIAZEPAM 5MG ENM
,DIAZEPAM 10MG ENM
,DIBENYLINE 10MG CAP
,DICLOFENAC SODIUM 100GM GEL
,DICLOFENAC SODIUM 50GM GEL
,DIDANOSINE 250MG 29/M CAP
,DIDANOSINE 400MG 29/M CAP
,DIDRONEL 200MG 29/M TAB
,DIETHYLSTILBOESTROL ## 29/3 TAB
,DIFLUCAN 50MG/5ML SUS
,DIFOSFEN 200MG 29/M (60) TAB
,DIGOXIN 0.25 MG TAB
,DILANTIN 125MG/5ML SYR
,DILATAM 120SR TAB
,DILATAM 30MG TAB
,DILATAM 60MG TAB
,DILATAM CD 240MG TAB
,DILUENT FOR NOVORAPID AND LEVE
,DIMITONE 6.25MG TAB
,DIMITONE 12.5MG TAB
,DIOVAN 160 TAB
,DIOVAN 80 TAB
,DIPHERELINE 0.1MG/1ML AMP
,DIPHERELINE 3.75 <><> AMP
,DIPROSALIC LOT
,DIPROSALIC UNG
,DIPROSPAN AMP
,DIPROSPAN 2CC AMP
,DISEPTYL SYR
,DISEPTYL FORTE TAB
,DISOTHIAZIDE 25MG TAB
,DISTAMINE 250MG 29/M TAB
,DITHROCREAM 0.1% CREAM
,DITHROCREAM 0.25% CREAM
,DITHROCREAM 0.5% CREAM
,DITHROCREAM 1% CREAM
,DITHROCREAM 2% CREAM
,DOCARD AMP
,DOGMATIL 100MG 29/M AMP
,DOLESTINE 100MG AMP
,DOLESTINE 50MG AMP
,DOPAMINE 40MG/ML AMP
,DOPAMINE MERCK 29/M
,DOPICAR TAB
,DOSTINEX TAB
,DOXALOC 1MG TAB
,DOXALOC 2MG TAB
,DOXALOC 4MG TAB
,DOXARUBICIN-TEVA 50MG AMP
,DOXIL 20 MG/10 ML<><> AMP
,DOXIL 2 MG/1 ML <><> AMP
,DOXORUBICIN EBEWE 50MG/25ML AMP
,DOXY CAP
,DOXYLIN 0.1 TAB
,DUO-CAINE 5% CR
,DUO-SCABIL CREAM
,DUPHASTON 10MG TAB
,DURABIOTIC 1.2MU AMP
,DURATEARS OCC
,DUROGESIC 12MCG/H
,DUROGESIC IMPR.FORM 100MCG/HR
,DUROGESIC IMPR.FORM 25MCG/HR
,DUROGESIC IMPR.FORM 50MCG/HR
,DUROGESIC IMPR.FORM 75MCG/HR
,DYNOS 40MG/1ML AMP
,DYSPORT 500U<><> AMP
,DYTAC 50MG 29/3 ## CAP
,EASY IRON BOX OF 90 D.H
,EBETAXEL 100MG<><> AMP
,EBETAXEL 300MG/50ML<><> AMP
,EBETAXEL 600 MG/100ML<><> AMP
,EBETAXEL <><> AMP
,EBIXA 10MG (M) TAB
,EDRONAX 4MG TAB
,EFEXOR 37.5MG TAB
,EFEXOR 37.5MG 29/M(28) TAB
,EFEXOR 75MG 29/M(28) TAB
,EFRIN (PHENYLEPHRINE 10%) COL
,EFUDIX UNG
,ELAPRASE 29/M ## AMP
,ELASTAN TREAT CR 75ML
,ELATROL 25MG TAB
,ELATROLET 10MG TAB
,ELECTRORICE STRAWBERRY PWD BOX
,ELIDEL 15GM (M) CR
,ELIDEL 30GM (M) CR
,ELMIRON 29/3 ## CAP
,ELOCOM (N) CR
,ELOCOM (N) LOT
,ELOCOM (N) UNG
,ELOXATIN R.T.U. 50MG<><> AMP
,ELOXATIN R.T.U.100MG<><> AMP
,ELTROXIN 100MCG TAB
,ELTROXIN 50MCG TAB
,EMADINE 0.05% (N) COL
,EMEND COMB-PAC.HARD <><> CAP
,EMLA 30GM CREAM
,EMOL BABY BATH OIL 200ML
,EMOL BATH OIL 200ML
,ENALADEX 5MG TAB
,ENALADEX 10MG TAB
,ENALADEX 20MG TAB
,ENALAPRIL 5MG TAB
,ENALAPRIL 10MG TAB
,ENALAPRIL 20MG TAB
,ENBREL 25MG/1ML <><> AMP
,ENCYPALMED TAB
,ENDOMETRIN VAGINAL TAB
,ENDOXAN 1GM AMP
,ENDOXAN 50MG 29/M TAB
,ENGERIX B VAC
,ENGERIX PED VAC
,ENTOCORT 3MG CAP
,ENTUMINE TAB
,EPANUTIN 0.1 CAP
,EPANUTIN 29/M 500ML SUS
,EPANUTIN 29/M 500ML SUS
,EPANUTIN 50MG 29/M CAP
,EPINEPHRINE HCL 29/M AMP
,EPIPEN 0.15MG
,EPIPEN 0.30MG
,EPIRUBICIN 100 MG/50 ML AMP
,EPIRUBICIN EBEWE 1OMG/5ML AMP
,EPIRUBICIN EBEWE 50MG/25ML AMP
,EPIVIR 10MG/ML SOL
,EPIVIR 150MG TAB
,EPIVIR 300MG TAB
,"EPREX 5,000 UN PREFI.SYR.<><>"
,"EPREX 6,000 UN PREFI.SYR.<><>"
,"EPREX 1,000 UN PREFI.SYRI.<><>"
,"EPREX 10,000 UN PREF.SYRI.<><>"
,"EPREX 2,000 UN PREFI.SYRI.<><>"
,"EPREX 3,000 UN PREFI.SYRI.<><>"
,"EPREX 30,000 PREFI.SYR.<><> AMP"
,"EPREX 4,000 UN PREFI.SYRI.<><>"
,"EPREX 40,000 PREFI.SYR.<><>AMP"
,"EPREX 8,000 UN PREFI.SYR.<><>"
,"EPREX PROTEC 1,000 IU <><> AMP"
,"EPREX PROTEC 10,000 IU <><>AMP"
,"EPREX PROTEC 20,000 IU<><> AMP"
,"EPREX PROTEC 30,000 IU<><>AMP"
,"EPREX PROTEC 40,000 IU <><> AMP"
,"EPREX PROTEC 6,000 IU <><>AMP"
,"EPREX PROTEC 8,000 IU <><>AMP"
,"EPREX PROTECS 2,000 IU <><>AMP"
,"EPREX PROTECS 3,000 IU <><>AMP"
,"EPREX PROTECS 4,000 IU <><> AMP"
,"EPREX PROTECS 5,000 IU <><> AMP"
,ERBITUX 100MG/50ML ## VIA
,ERGAMISOL TAB
,ERWINIA ASPARGIN 29/3 ## AMP
,ERYTHRO-TEVA 200MG SYR
,ERYTHRO-TEVA 250MG TAB
,ERYTHRO-TEVA 500MG TAB
,ERYTHROL 200 SYR
,ESKAZOLE TAB
,ESOMED FACIAL CR
,ESOMED GEL
,ESPERAL 29/M TAB
,ESRACAIN 1% 10ML AMP
,ESRACAIN 2% 10ML AMP
,ESRACAIN 2% JELLY
,ESRACAIN 5% CR
,ESTRACYT CAP
,ESTRADERM TTS 25MCG PAT
,ESTRADERM TTS 50MCG PAT
,ESTRADERM TTS 100MCG PAT
,ESTROFEM 1MG BOX OF 28
,ESTROFEM 2MG BOX OF 28 TAB
,ETHAMBUTOL HCL 400MG 29/M TAB
,ETHATYL 29/3 ## TAB
,ETHINYLOESTRADIOL 10MCG 29/M TAB
,ETHYOL 500MG AMP
,ETIBI 400MG 29/M TAB
,ETODOLAC-400MG TEVA(M) TAB
,ETOPAN 200MG (M) CAP
,ETOPAN 300MG (M) CAP
,ETOPAN 400MG (M) TAB
,ETOPAN 400MG XL (M) TAB
,ETOPAN 600MG XL (M) TAB
,"ETOPOSID ""EBEWE"" 100MG <><>AMP"
,"ETOPOSID ""EBEWE"" 200MG <><>AMP"
,ETOPOSIDE 1000 MG/ 50 ML <><>AMP
,ETOPOSIDE 200MG/10ML <><> AMP
,ETOPOSIDE <><> AMP
,EUCALYPTUS (FLORISH) DRP
,EUCALYPTUS OL. DRP
,EULEXIN TAB
,EUMOVATE 0.05% CREAM
,EUMOVATE 0.05% UNG.
,EURAX CREAM
,EURAX LOT
,EVISTA 60MG <><> TAB
,EVITOL 0.1 TAB
,EVITOL 0.2 TAB
,EVOLTRA <><> 1MG/1ML 20ML AMP
,EVOREL 100 BOX PAT
,EVOREL 25 BOX PAT
,EVOREL 50 BOX PAT
,EVOREL 75 BOX PAT
,EVOREL CONTI PAT
,EVOREL SEQUI PAT
,EVRA (M) PAT
,EXELON 1.5MG <><> CAP
,EXELON 3MG <><> CAP
,EXELON 4.5MG (28)<><> CAP
,EXELON 6MG (28)<><> CAP
,EXIDOL CPL 24/ BOX
,EXIDOL CPL 50/ BOX
,EXIPAN ROLL-ON GEL
,EXJADE 125MG ## TAB
,EXJADE 250MG ## TAB
,EXJADE 500MG ## TAB
,EXTRA GARLIC D.H. 650MG TAB
,EYE CARE BABY WIPES
,EYE CARE FORTE WIPES BOX OF 40
,EYECON COL
,EZETROL 10MG <><> TAB
,FABRAZYME 35MG ## VIA
,FACE IT GEL 15GM
,FACTEUR IX-LFB 29/M 1000 AMP
,FACTEUR IX-LFB 29/M 500<><>AMP
,FACTOR VII 29/3 ## AMP
,FAMO 20MG TAB
,FAMO 40MG TAB
,FAMOTIDINE-TEVA 20MG TAB
,FAMOTIDINE-TEVA 40MG TAB
,FANHDI 1000IU AMP
,FANHDI 500IU AMP
,FANSIDAR TAB
,FARMORUBICIN 10MG AMP
,FASLODEX 250 MG/ 5ML <><>AMP
,FAVOXIL 50 MG TAB
,FAVOXIL 100 MG TAB
,FEIBA TIM 4 AMP
,FELBAMATE 600MG 29/3 ## TAB
,FELDENE GEL 50GM
,FEMARA 2.5MG <><> TAB
,FEMINA LUBRICATING GEL 100ML
,FEMINET BOX OF 21(M) TAB
,FEMULEN 29/3 BOX OF 84 TAB
,FENISTIL 1MG/ML DROPS
,FENISTIL GEL
,FENISTIL GEL 0.1% 100GM
,FENTA 100 MCG HR/PATCH
,FENTA 12 MCG/1HR PATCH
,FENTA 25 MCG HR/PATCH
,FENTA 50 MCG HR/PATCH
,FENTA 75 MCG HR/PATCH
,FERRIFOL BOX OF 30 TAB
,FERRIPEL-3 50MG/5ML SYR
,FERRIPROX ## TAB
,FERRLECIT AMP
,"FERRO ""15"" SYR"
,FERRO-GRADUMET BOX TAB
,FERROGRAD FOLIC BOX TAB
,FIBROGAMMIN 250U (N)## AMP
,FLAGYL 250 MG TAB
,FLAGYL SUSP 120ML
,FLEBOGAMMA 10 GM I.V<><> AMP
,FLEBOGAMMA 5GM I.V<><> AMP
,FLEET ENEMA 133 CC
,FLEET ENEMA 250 CC
,FLEXIN 30MG/1ML 2ML AMP
,FLIXONASE (M) NASAL SPRAY
,FLIXOTIDE 50MCG INH
,FLIXOTIDE 250MCG INH
,FLIXOTIDE 125MCG INH
,FLIXOTIDE DISK. 250MCG INH
,FLIXOTIDE DISK. 50MCG INH
,FLIXOTIDE DISK.100MCG INH
,FLIXOTIDE DISK.500MCG INH
,FLIXOTIDE NEBULES<><>(M) SUS
,FLOLAN 500MCG ## AMP
,FLOLAN 1500MCG ## VIA
,FLORINEF TAB
,FLORINEF 0.1MG 29/M TAB
,FLUANXOL 3MG TAB
,FLUANXOL DEPOT 100MG/1MG
,FLUANXOL DEPOT 20MG/1ML
,FLUANXOL DEPOT 40MG/2ML
,FLUARIX VAC
,FLUCANOL 150MG CAP
,FLUCANOL 50MG CAP
,FLUCLOXACILLIN 125MG/5ML 29/M
,FLUCONAZOLE 150MG CAP
,FLUDARA <><> AMP
,FLUDARA ORAL<><> TAB
,FLUDARABIN EBEWE 50 MG <><>AMP
,FLUDECATE 25MG/1ML AMP
,"FLUOROURACIL ""EBEWE"" 1GM/20ML"
,"FLUOROURACIL ""EBEWE"" 5GM/100ML"
,OPSITE SPRAY (N)
,OPTALGIN AMP
,OPTALGIN DRP
,OPTALGIN TAB
,OPTALGIN CAPL BOX OF 21
,OPTI-GENTA COL
,OPTI-SAFE AREDS FOR SMOKERS
,OPTI-SAFE AREDS PLUS FORMULA CAP
,OPTI-SAFE BOX OF 60 CAP
,OPTI-SAFE FOR SMOKERS B.OF 60
,OPTICROM COL
,OPTILAST 0.05% (N) COL
,OPTIVATE 500 IU AMP
,OPTIVATE 1000 IU AMP
,OPTRYL COL
,ORACORT UNG
,ORACORT E UNG
,ORALTEN TROCHE (M) LOZ
,ORAP FORTE(ORALEP) TAB
,ORBENIL 2MG AMP
,ORBENIL 500MG AMP
,ORGALUTRAN SYRINGE<><>
,ORGARAN 29/M ## AMP
,ORTHO-CYCLEN BOX OF 21 TAB
,ORTHO-GYNEST VAG SUP
,ORTHO-GYNEST VAG CR.
,OSMO ADALAT 30 MG TAB
,OSMO ADALAT 60 MG TAB
,OSPOLOT TAB
,OSTAC<><> CAP
,OTIDIN AUR
,OTRIVIN DROPS - ADULT.1% NAR
,OTRIVIN MENTHOL M.D. SPR
,OTRIVIN NASAL GEL
,OTRIVIN NASAL M.D. 0.1 SPR
,OTRIVIN NASAL PED.M.D. SPR
,OTRIVIN SPRAY
,OTRIVIN- PED. DRP
,OVESTIN VAGINAL CREAM
,OVITRELL 250MCG (M) SRG
,OVITRELLE 250MCG (M) VIA
,OXALIPLATIN LACHEMA 100MG<><>AMP
,OXALIPLATIN LACHEMA 50MG<><>AMP
,OXANDRIN(LONAVAR)2.5MG ##TAB
,OXANDROLONE 2.5MG 29/3 ## TAB
,OXIS TURBUHALER (M) INH
,OXOPURIN CAP
,OXSORALEN 10MG 29/M CAP
,OXSORALEN ULTRA 29/M CAP
,OXY 5% GEL
,OXY 10% GEL
,OXYCOD 10MG/5ML SYR
,OXYCONTIN 10MG C.R. TAB
,OXYCONTIN 20MG C.R. TAB
,OXYCONTIN 40MG TAB
,OXYCONTIN 5MG TAB
,OXYCONTIN 80MG TAB
,PACLITAXEL 100MG <><> AMP
,PACLITAXEL 300MG/50ML<><>AMP
,PACLITAXEL 30MG/5ML<><> AMP
,PACLITAXEL TEVA 100 MG <><>AMP
,PACLITAXEL TEVA 300 MG<><> AMP
,PACLITAXEL TEVA VIA 30MG/5ML
,PALOXI 0.25MG (P) AMP
,PAMIDRONATE DISO.30MG/10ML
,PAMIDRONATE DISO.90MG/10ML
,PAMIDRONATE DISOD.30MG AMP
,PAMIDRONATE DISOD.90MG AMP
,PAN-CEFTRIAXONE 1GM AMP
,PAN-CEFUROXIME 750MG AMP
,PAPAVERIN AMP
,PAPAVERINE TAB
,PARA PLUS SPR
,PARACET ELIXIR
,PARAFFIN LIQ
,PARAFFIN (FLORISH) LIQ
,PARAPLATIN 50MG AMP
,PARAPLATIN 150MG AMP
,PARAPLATIN 450MG/45ML AMP
,PARILAC 10MG CAP
,PARLODEL 2.5MG TAB
,PAROTIN 20 MG TAB
,PAROXETINE-TEVA 20MG TAB
,PARTANE 2MG TAB
,PARTANE 5MG TAB
,PASER 29/3 ## GRA
,PASSIFLORA COMP SYR
,PASTA FLORISH PAS 80GM
,PAXXET 20MG TAB
,PAXXET 30MG TAB
,PEG-INTRON 80MCG <><> AMP
,PEG-INTRON 100MCG <><> AMP
,PEG-INTRON 120MCG <><> AMP
,PEG-INTRON 150MCG <><> AMP
,PEGASPARGASE <><> AMP
,PEGASYS 135MCG <><>PREFI.SYR.
,PEGASYS 180MCG <><>PREFI.SYR.
,PEGINTRON PRE-FILL.100MCG<><>
,PEGINTRON PRE-FILL.120MCG<><>
,PEGINTRON PRE-FILL.150MCG<><>
,PEGINTRON PRE-FILL.80MCG<><>
,PEGLAX NATURAL GRA
,PEGLAX ORANGE GRA
,PEN-RAFA VK 500 MG TAB
,PEN-RAFA VK FORTE SUS 250MG/5
,PENEDIL 2.5MG SR TAB
,PENEDIL 5MG SR TAB
,PENEDIL 10MG SR TAB
,PENIBRIN 1GM AMP
,PENIBRIN 2GM AMP
,PENIBRIN 500MG AMP
,PENIBRIN 500MG CAP
,PENICILLAMINE 250MG 29/M TAB
,PENICILLIN G SOD 10M.U. AMP
,PENTAGLOBIN 29/3 ## AMP
,PENTASA SUP
,PENTASA 500MG S.R. TAB
,PENTASA RETEN.BOX OF 7 ENEMA
,PENTASA SR 2 GM SACHETS GRA
,PENTASA SR SACHETS GRA
,PENTOXIFYLLINE-TEVA TAB
,PERCOCET TAB
,PERCOCET 5MG (20) TAB
,PERICATE AMP
,PERIDOR 10MG TAB
,PERIDOR 1MG TAB
,PERIDOR 5MG TAB
,PERMIXON (M) CAP
,PERPHENAN 4MG TAB
,PERPHENAN 8MG TAB
,PERTIROID 200 MG 29/3 CAP
,PETINIMID 250MG 29/M CAP
,PETROLATUM ALBUM 25GM UNG
,PHANALGIN TAB
,PHENICOL (CHLORAMPHENICOL) COL
,PHENIMYXIN (TAROCIDIN) COL
,PHENOBARBITAL 15MG/5M(N)29/M ELX
,PHENOBARBITONE 0.1(REKAH) TAB
,PHENOBARBITONE 15MG(REKAH) TAB
,PHENYLEPHRINE 2.5% 29/M COL
,PHENYPHRINE-AZOL NAR
,PHENYTOIN 100MG AMP
,PHENYTOIN 250MG AMP
,PHENYTOIN SYRINGE AMP
,PHOSPHOCYSTEAMINE 29/3## 122GM
,PHOSPHOLINE IOD.29/M 6.25MG COL
,PICOLAX 29/M 16 GM PWD BOX OF 2
,PILKA DRP
,PILOCARPINE 2% COL
,PINDEN 5MG TAB
,PINK BISMUTH SUS
,PIPERACILLIN 4GM AMP
,PIPRACIN 4GM AMP
,PIRILENE 500MG 29/M TAB
,PITREX CR
,PITRION CREAM
,PK- MERZ TAB
,PK-MERZ 200 MG/500 ML AMP
,PLAQUENIL TAB
,PLAVIX <><> TAB
,PLUVITON BOX OF 30 TAB
,PNEUMO 23TM SYRINGE VAC
,PNEUMOVAX 0.5ML VAC
,POLYCUTAN CREAM
,POLYDINE 10% 15GM UNG
,POLYDINE 10% 200ML SOL
,POLYDINE 250 GM UNG
,POLYDINE DOUCHE SOL
,POLYDINE VAGINAL TAB
,POLYVIT 30 PLUS BOX OF 100 CAP
,POLYVIT 30 PLUS BOX OF 30 CAP
,POLYVIT CPL 100/ BOX
,POLYVIT CPL 30/ BOX
,POLYVIT DROPS
,POSTINOR NEW 1 TAB
,POSTINOR-2 TAB
,POTASSIUM ORAL SOL
,POTASSIUM PHOS.29/M(N) AMP
,PRAMIN AMP
,PRAMIN TAB
,PRAMIN 5MG INF SUP
,PRAMIN 20MG ADULT SUP
,PRANDASE 100MG TAB
,PRANDASE 50MG TAB
,PRAVALIP 10MG TAB
,PRAVALIP 20MG TAB
,PRAVALIP 40MG TAB
,PRAVASTATIN 10MG-TEVA TAB
,PRAVASTATIN 20MG-TEVA TAB
,PRAVASTATIN 40MG-TEVA TAB
,PRED FORTE COL
,PREDNISONE 20MG TAB
,PREDNISONE 1MG TAB
,PREDNISONE 5MG TAB
,PREGNYL 1500 U AMP
,PREGNYL 5000 U<><> AMP
,PREMARIL 0.625MG TAB
,PRENATAL MULTIVITAMINS D.H TAB
,PRENATAL PLUS CF BOX OF 30 TAB
,PREPULSID 29/M 100ML SUS
,PRESSOLAT 10 MG TAB
,PRESSOLAT 20MG TAB
,PREVENAR <><> VAC
,PREZISTA 300 MG ## TAB
,PRIMAQUINE PHOSPHATE 29/M TAB
,PRIMBACTAM 1 GM 29/3 AMP
,PRIMOLUT NOR TAB
,PRIMONIL 25MG TAB
,PRIODERM SHP
,PRIZMA TAB
,PROBENECID 500MG 29/M TAB
,PROCAINEAMID 500 MG 29/3 TAB
,PROCAN SR 500 MG 29/3 TAB
,PROCANBID 29/3 ## TAB
,PROCOR TAB
,PROCTO GLYVENOL BOX X 10 SUP.
,PROCTO GLYVENOL CREAM
,PROCTO OBLIPICHA CR
,PROCTO OBLIPICHA BOX OF 12 SUP
,PROCTOFOAM HC (M)
,PROCTOZORIN UNG
,PROFEX 150MG TAB
,PROFEX 300MG TAB
,PROFITEN SYR
,PROFITEN TAB
,PROGESTERON RET.500MG 29/M AMP
,PROGLICEM 100MG 29/M CAP
,PROGLICEM 25MG 29/M CAP
,PROGLYCEM 50MG 29/M SUS
,PROGRAF 0.5MG (N)<><> CAP
,PROGRAF 1MG<><> CAP
,PROGRAF 5MG<><> CAP
,PROGRAF<><> AMP
,PROGYLUTON A 21 TAB
,PROGYNOVA 2MG BOX OF 28 TAB
,PROLEUKIN<><> AMP
,PROLOL 10MG TAB
,PROLOL 40MG TAB
,PROMETHAZIN HCL 25MG TAB
,PROMETHAZIN HCL 50MG AMP
,PROMETHAZINE SYR
,PROMETHAZINE EXPEC. SYR
,PROMNIX S.R (N) CAP
,PROPECIA 1MG (M)(30) TAB
,PROPECIA 1MG (M)(98) TAB
,PROPYLTHIOURACIL TAB
,PROSTIGMIN 15MG 29/3## TAB
,PROTHIAZINE SYR
,PROTHIAZINE EXPECTORANT SYR
,PROTOCIDE 500MG TAB
,PROTOPIC 0.03% 30GM(M) UNG
,PROTOPIC 0.1% 30GM(M) UNG
,PROVERA 100MG TAB
,PROVERA 5MG TAB
,PROVIGIL 100MG ## TAB
,PROVIRON TAB
,PROXOL FORTE TAB
,PRYSOLINE TAB
,PULMOTIDE 50MCG INH
,PULMOTIDE 200MCG INH
,PULMOZYME STERILE RESP <><>
,PUREGON 300 IU <><> AMP
,PUREGON 600 IU (N)<><> AMP
,PUREGON 900 IU <><> CAR
,PUREGON PEN
,PURINETHOL TAB
,PYRAZINAMIDE 29/M TAB
,PYRIDOSTIGMINE BROMIDE 30MG TAB
,PYRIDOXINE 100MG 29/M AMP
,PZA-CIBA TAB
,QUINIDINE SULPH REKAH TAB
,QUININ SULF 0.3 TAB
,QVAR 100 MCG/DOSE AUTOHALER
,QVAR 50 MCG/DOSE AUTOHALER
,R-GENE 29/3 ## (F) 200 ML
,RAFAPEN V.K. FORTE SYR
,RAFAPEN V.K. FORTE 0.5 TAB
,RAFASSAL 0.25 TAB
,RAFASSAL 0.25 SUP
,RAFASSAL 0.5 SUP
,RAFASSAL 1GM SUP
,RAFASSAL 1GM TAB
,RAFASSAL 500MG CPL
,RAFASSAL ENEMA 4G BOX OF 7
,RAFASSAL ENM 1GM BOX OF 7
,RAFATHRICIN C BENZOC TAB
,RAMIPRIL PLUS 2.5 MG TEVA TAB
,RAMIPRIL PLUS 5MG TEVA TAB
,RAMIPRIL-TEVA 5MG TAB
,RAPAMUNE 1MG <><> TAB
,RAPAMUNE 1MG/1ML<><> SOL
,RAPTIVA 100MG/1ML<><> VIAL
,REBETOL 200MG <><> CAP
,REBIF 22MCG/0.5ML## AMP
,REBIF 44MCG/0.5ML## AMP
,RECITAL 20MG TAB
,RECITAL 40MG TAB
,RECOMBINATE FAC.VIII 1000 U##
,RECOMBINATE FAC.VIII 250 U##
,"RECORMON PREFIL 1,000<><>SYR"
,"RECORMON PREFIL 2,000<><>SYR."
,"RECORMON PREFIL 3,000<><>SYR."
,"RECORMON PREFIL 4,000<><>SYR"
,"RECORMON PREFIL 5,000<><>SYR."
,"RECORMON PREFIL 6,000<><>SYR."
,"RECORMON PREFIL 10,000<><>SYR."
,"RECORMON PREFIL 20,000<><>SYR"
,"RECORMON PREFIL 30,000 <><>SYR."
,RECTOZORIN SUP
,RECTOZORIN UNG
,RECYCLINE (TETRACYCLINE) 3% UNG
,REDUCTIL 10MG (M) CAP
,REDUCTIL 15MG (M) CAP
,REFACTO FAC.VIII 1000 U 29/M##
,REFACTO FAC.VIII 500 U 29/M##
,REFRESH COL
,REFRESH TEARS COL
,REFRIGERANS 50GM UNG
,REGRANEX 0.01% GEL
,REKAMIDE 2MG TAB
,REKOD (CODEIN PHOSPH.)20MG TAB
,RELAXIN 500MG BOX OF 15 TAB
,RELERT 40MG TAB
,RELERT 80MG TAB
,RELIFEX (M) TAB
,REMERON 30MG TAB
,REMERON 45MG TAB
,REMICADE <><> AMP
,REMINYL 4MG (M) TAB
,REMINYL 8MG (M) TAB
,REMINYL 12MG (M) TAB
,REMODULIN 2.5MG/ML## VIA
,REMODULIN 5MG/ML## VIA
,REMOTIV 250MG (M) TAB
,RENAGEL 800MG <> <>TAB
,REOLIN EFFERV. TAB
,REPLAGAL INFUSION IV## AMP
,REPLENINE-VF 500 29/M AMP
,REPLENINE-VF 1000 29/M AMP
,REQUIP 0.25MG TAB
,REQUIP 0.5MG TAB
,REQUIP 1MG TAB
,REQUIP 2MG TAB
,REQUIP 5MG TAB
,RESOCHIN 250 MG 29/M TAB
,RESPRIM SYR
,RESPRIM 100 ML SYR
,RESPRIM FORTE TAB
,RESTASIS ## VIA
,RESULTZ SOL 100ML
,RETAVIT 0.025% CREAM
,RETAVIT 0.025% GEL
,RETAVIT 0.05% CREAM
,RETAVIT 0.05% GEL
,RETROVIR 100MG CAP
,RETROVIR 200ML SYR
,RETROVIR 250MG CAP
,REUMACID 29/M SUP
,REVATIO 20MG ## TAB
,REVLIMID 29/3 10MG(P)## TAB
,REVLIMID 29/3 25 MG (P)## TAB
,REVLIMID 29/3 5MG(P) TAB
,REVLIMID 29/3(N)## TAB
,REYATAZ CAP 150MG
,REYATAZ CAP 200MG
,RHINOLAST NASAL SPRAY (N)
,RICINI (CASTOR) 30ML OL
,RIDAURA 3MG TAB
,RIDAZIN 100MG TAB
,RIDAZIN 10MG TAB
,RIDAZIN 25MG TAB
,RIFADINE 29/M SYR
,RIFADINE 300 MG 29/M (100)CAP
,RIFADINE 300MG 29/M CAP
,RIFAMPICIN 150MG 29/M CAP
,RIFAMPICIN 300MG 29/M CAP
,RILUTEK<><> TAB
,RIMACTAN 150MG 29/M CAP
,RIMACTAN 300MG CAP
,RIMSO-50 29/3 ## SOL
,RISPERDAL 1MG<><> TAB
,RISPERDAL 2MG<><> TAB
,RISPERDAL 3MG<><> TAB
,RISPERDAL 4MG<><> TAB
,RISPERDAL CONSTA 25MG <><> AMP
,RISPERDAL CONSTA 37.5MG<><> AMP
,RISPERDAL CONSTA 50MG<><> AMP
,RISPERDAL CONSTA ALAR 50 MG AM
,RISPERDAL CONSTA ALARIS 37 MG
,RISPERDAL CONSTA ALARIS 25 MG
,RISPERDAL ORAL(N)<><> SOL
,RISPERIDEX 1MG <><> TAB
,RISPERIDEX 2MG <><> TAB
,RISPERIDEX 3MG <><> TAB
,RISPERIDEX 4MG <><> TAB
,RISPOND 1MG <><> TAB
,RISPOND 2MG <><> TAB
,RISPOND 3MG <><> TAB
,RISPOND 4MG <><> TAB
,RITALIN 10MG TAB
,RITALIN 20MG SR TAB
,RITALIN LA 20MG CAP
,RITALIN LA 30MG CAP
,RITALIN LA 40MG CAP
,RIVOTRIL 0.5MG TAB
,RIVOTRIL 2 MG TAB
,RIVOTRIL DROPS
,RIZALT 10MG TAB
,RIZALT RAPID DISSOLUT TAB
,ROACCUTANE (M) 10MG CAP
,ROACCUTANE (M) 20MG CAP
,ROCALTROL 29/3 ## CAP
,ROCEPHIN 1GM IV AMP
,ROCEPHINE I.M. 1GM AMP
,RODENAL 2MG TAB
,RODENAL 5MG TAB
,ROFERON A 3MIU SYRI.<><>
,ROFERON A 4.5MIU SYRI.<><>
,ROFERON A 6MIU SYRI.<><>
,ROFERON A 9MIU SYRI.<><>
,ROKACET (M) BOX OF 20 CPL
,ROKACET PLUS(M) CAP
,ROKAL (M) BOX OF 20 TAB
,RONEXINE 100MG TAB
,RONEXINE 25MG TAB
,ROSSINI 2MG <><> TAB
,ROSSINI 4MG <><> TAB
,ROSSINI 8MG <><> TAB
,ROTATEQ 29/M DRP
,ROVAMYCINE (N) TAB
,ROWATINEX CAP
,ROXO 150MG TAB
,ROZEX GEL (N)
,RULID TAB
,RYTHMEX 150 MG TAB
,RYTHMEX 300 MG TAB
,RYTHMICAL 0.1 CAP
,RYTHMICAL 0.15 CAP
,S.O.S BUCAL
,SABRILAN (SABRIL) TAB
,SALAGEN 5MG<><> TAB
,SALAZOPYRIN 0.5 TAB
,SALAZOPYRIN EN TAB
,SALCO AMP
,SALICYL 2% (FLORISH) 100ML SPT
,SALICYL 2% 100ML SPT
,SALIKAREN 3% UNG
,SALINA-GEL NASAL MOIST.GEL
,SANDIMMUN AMP
,SANDIMMUN NEORAL 100MG CAP
,SANDIMMUN NEORAL 25MG CAP
,SANDIMMUN NEORAL 50MG CAP
,SANDIMMUNEORA SOL
,SANDOGLOBIN 3GR 29/M AMP
,SANDOGLOBULIN 6GR<><> AMP
,SANDOSTATIN 0.05MG/1ML AMP
,SANDOSTATIN 0.1MG/ML AMP
,SANDOSTATIN 0.5MG/ML AMP
,SANDOSTATIN 1MG/5ML AMP
,SANDOSTATIN LAR 10MG NEW<><>AMP
,SANDOSTATIN LAR 10MG<><> AMP
,SANDOSTATIN LAR 20MG NEW<><>AMP
,SANDOSTATIN LAR 20MG<><> AMP
,SANDOSTATIN LAR 30MG NEW<><>AMP
,SANDOSTATIN LAR 30MG<><> AMP
,SANGCYA 100MG/1ML SOL
,SAVIOR FIRST AID 100ML
,SCABICIN LOT
,SCOPODERM TTS 29/M PAT
,SEA SPRAY MICROSPRAY SOL 50ML
,SEBIVO 600MG <><>TAB
,SEBOCALM ANTIDANDRUFF SHAMPOO
,SEBOCALM ESSENCE SERUM 60ML
,SEBOCALM MOISTURIZER CR
,SEBOCALM RICH
,SEBOSEL SHP
,SEDURAL TAB
,SELEGILINE 5MG TAB
,SELEGILINE-TEVA 5MG TAB
,SEMAP TAB
,SEPTAL SCRUB
,SEPTAX 1GM AMP
,SEPTRIN FOR INF. AMP
,SERDOLECT 16 MG <><> TAB
,SERDOLECT 4 MG <><> TAB
,SERECOR ER 300MG 29/M CAP
,SERENADA 50 MG TAB
,SERETIDE 50/100MCG DISKUS
,SERETIDE 50/250 DISKUS INH
,SERETIDE 50/500 DISKUS INH
,SEREVENT 50MCG DISKUS INH
,SEREVENT CFC FREE INH
,SEROMYCIN 250MG 29/M CAP
,SEROQUEL 100MG <><> TAB
,SEROQUEL 200MG <><> TAB
,SEROQUEL 25MG <><> TAB
,SEROQUEL 300 MG <><> TAB
,SEROXAT TAB
,SERTRALINE TEVA 50MG TAB
,SETRON AMP
,SETRON 1MG TAB
,SHOW ALOE VERA GEL
,SHOW LIPS UNG 25GM
,SIBELIUM 5MG 29/3 ## TAB
,SIFROL 0.25 MG TAB
,SIFROL 1 MG TAB
,SILICONE CREAM
,SILICONE (FLORISH) 500GM CREAM
,SILICONE BLUE CREAM
,SILICONE CREAM 500GR BX
,SILVEROL 400GR CREAM
,SILVEROL 100GM CREAM
,SIMICOL DRP
,SIMVACOR 10MG TAB
,SIMVACOR 20MG TAB
,SIMVACOR 40MG TAB
,SIMVACOR 80MG TAB
,SIMVASTATIN-10MG TEVA TAB
,SIMVASTATIN-20MG TEVA TAB
,SIMVASTATIN-40MG TEVA TAB
,SIMVASTATIN-80 TEVA TAB
,SIMVAXON 10 MG (30) TAB
,SIMVAXON 10MG TAB
,SIMVAXON 20 MG (30) TAB
,SIMVAXON 20MG TAB
,SIMVAXON 40 MG (30) TAB
,SIMVAXON 40MG TAB
,SINEMET CR TAB
,SINGULAIR 10MG<><> TAB
,SINGULAIR 4MG (N) TAB
,SINGULAIR CHEW.5MG<><> TAB
,SINGULAIR FOR KIDDIES 4MG (N)GRA
,SINTROM 4MG TAB
,SINUFED TAB
,SINUFED KID SYR
,SINULEN NASAL SPR
,SIRAN 200 EFFERVESCENT TAB
,SLEEP AID 25MG TAB
,SLOW DERALIN 160 CAP
,SLOW DERALIN 80 CAP
,SLOW K CONTIN TAB
,SOD. BICARB 0.5 TAB
,SOD.CHLORIDE 0.9% 10ML
,SOD.CHLORIDE 0.9% 20ML
,SODIUM BICARBON.8.4% 100ML AMP
,SODIUM BICARBON.8.4% 50ML AMP
,SODIUM BICARBONATE (FLORISH) PWD
,SODIUM BICARBONATE 8.4% VIA
,SODIUM BICARBONATE PWD.150GM
,SODIUM CHLORIDE (S.L.E) 10ML
,SODIUM CHLORIDE 100MEQ AMP
,SODIUM CHLORIDE 23.4% 29/M AMP
,SODIUM CHLORIDE 29/M (N)SANDOZ
,SODIUM CHLORIDE 5%(N)29/M COL
,SODIUM CHLORIDE 500MG TAB
,SODIUM CHLORIDE(S.L.E)20ML AMP
,SOFFODEX BOX OF 2X45ML SOL
,SOFTON(WHITE SOFT PARAFFIN) UNG
,SOLIAN 100MG <><> TAB
,SOLIAN 400MG <><> TAB
,SOLU CORTEF AOV INJ 500MG
,SOLU MEDROL 40MG AMP
,SOLU MEDROL 125MG AMP
,SOLU MEDROL 1GM AMP
,SOLU MEDROL 500MG AMP
,SOLU-CORTEF PLAIN 100MG AMP
,SOLU-CORTEF PLAIN 500MG AMP
,SOLVEX TAB
,SOLVEX SOL
,SOLVEX 100ML ELIXIR
,SOMATULINE AUTOGEL 120MG<><> AMP
,SOMATULINE AUTOGEL 60MG<><> AMP
,SOMATULINE AUTOGEL 90MG<><>AMP
,SOMATULINE P.R.<><> AMP
,SOMAVERT 10 MG/1 ML ## VIA
,SOMAVERT 15 MG/1 ML ## VIA
,SOMAVERT 20 MG/1 ML ## VIA
,SOTACOR 160MG TAB
,SOTALOL 160MG TAB
,SOTALOL 80MG TAB
,SPASMALGIN TAB
,SPASMEX 15MG (100) (N) TAB
,SPIRIVA PWD .HARD <><> CAP
,SPIRONOL 100MG TAB
,SPORANOX CAP
,SPORANOX ORAL SOL
,SPORANOX VC (M) CAP
,SPRYCEL 20MG ## TAB
,SPRYCEL 50MG ## TAB
,SPRYCEL 70MG ## TAB
,STABILANOL 2MG/1ML AMP
,STALEVO 100/25/200 MG TAB
,STALEVO 150/37.5/200 MG TAB
,STALEVO 50/12.5/200 MG TAB
,STAVUDINE 30MG CAP
,STAVUDINE 40MG CAP
,STEROCORT 4MG TAB
,STERODEX COL
,STERONASE AQ.(M) NASAL
,STESOLID 10MG ENM
,STESOLID 10MG (5) ENM
,STESOLID 5MG ENM
,STESOLID 5MG (5) ENM
,STILLA COL
,STILNOX 10MG TAB
,STIMOL BOX OF 36 29/3(N)## SAC
,STOCRIN 50MG CAP
,STOCRIN 200MG TAB
,STOCRIN 600MG TAB
,STOCRIN TAB 200MG
,STOPIT CAP
,STREPSILS HONEY BOX OF 24 LOZ
,STREPSILS MENTHOL BOX OF 24 LOZ
,STREPSILS ORAN.+VIT.C BOX OF24
,STREPSILS PLUS BOX OF 24
,STREPSILS STRAWBERRY S/F BOX
,STREPTOMYC COOPER 1GR 29/M AMP
,STREPTOMYC SULPH 1GR 29/M AMP
,STROMECTOL 29/3 ## TAB
,STRONTIUM CHLORI.SR-89*??????*
,STUNARONE 25MG TAB
,SUCRIN BOX OF 400
,SULFACID COL
,SULFATRIM FORTE TAB
,SULFONA 29/M DAPSONE TAB
,SULPHAMIDE 10% (OPTISOL) COL
,SUMATRIDEX 100MG TAB
,SUMATRIDEX 50MG TAB
,SUPER OMEGA 3 BOX OF 90 D.H
,SUPRA-VIR 400MG TAB
,SUPRA-VIR 5% 2GM CR
,SUPRAMOL 500MG SUP
,SUPRAMOL M SUP
,SUPREFACT DEPOT 6.6MG AMP
,SUPREFACT DEPOT 9.9MG AMP
,SUPREFACT NASAL SPRAY
,SUTENT 12.5 MG ## CAP
,SUTENT 25 MG ## CAP
,SUTENT 50 MG ## CAP
,SYMBICORT 320MCG/9MCG INH
,SYMBICORT TURB. 80/4.5MCG INH
,SYMBICORT TURB.160/4.5MCG INH
,SYMPHOCAL HONEY-LEMON SYR
,SYMPHOCAL RASPBERRY SYR
,SYNACTHEN 0.25MG 29/M AMP
,SYNACTHEN DEPOT 1MG 29/M AMP
,SYNAREL NASAL<><>SPR 2MG/1ML
,SYNTHOMYCINE 3% UNG
,SYNTHOMYCINE 5% OCUL
,SYNTHROID 29/3 ## TAB
,SYPRINE 29/M ## CAP
,SYPROL ORAL 5MG/5ML(N)29/M SOL
,SYSTEAMINE (N)COL
,TAGAMET AMP
,TAGAMET 400MG<><> TAB
,TALC PWD
,TALC USP (FLORISH) PWD
,TAMBOCOR 50MG TAB
,TAMBOCOR 100MG TAB
,TAMIFLU (M) TAB
,TAMOXI 10MG TAB
,TAMOXI 20MG TAB
,TAMOXIFEN 29/M 10MG TAB
,TAMOXIFEN CITRATE 20 MG 29/M T
,TAMSULIN 0.4 MG (N) CAP
,TAPAZOL 5MG TAB
,TARCEVA 100MG <><> TAB
,TARCEVA 150MG <><> TAB
,TARGIN 10MG/5MG <><>TAB
,TARGIN 20MG/10MG <><>TAB
,TARGOCID 200MG(N) AMP
,TARGOCID 400MG 29/3 AMP
,TARIVID AMP
,TARIVID 200MG 10 TAB
,TAROCIDIN COL
,TAROCTYL 25MG TAB
,TAROCTYL 100MG TAB
,TAROCTYL 2ML I.V. AMP
,TARODENT 300ML LIQ
,TASIGNA 200 MG 29/M ##(28)TAB
,TASIGNA 200 MG29/M(112)##TAB
,TAVANIC 500MG(N)<><> TAB
,TAXOL <><> AMP
,TAXOTERE 20MG/0.5ML<><> AMP
,TAXOTERE 80MG/2ML<><> AMP
,TAZOCIN *????????* AMP
,TAZOREX 29/M *???????* VIA
,TEARS NATURALE II COL
,TEEJEL GEL TUB
,TEGRETOL SYR
,TEGRETOL TAB
,TEGRETOL CR 200MG TAB
,TEGRETOL CR 400MG TAB
,TELFAST 120MG TAB
,TELFAST 180MG TAB
,TEMODAL 100MG ## CAP
,TEMODAL 20MG ## CAP
,TEMODAL 250MG ## CAP
,TEMODAL 5MG ## CAP
,TENORMIN 25MG/5ML 29/M SYR
,TERAZOCIN TEVA 5MG TAB
,TERAZOCIN-TEVA TAB 2MG 30
,TERBINAFINE-TEVA (N) 250MG TAB
,TERBULIN SYR
,TERBULIN RESP SOL
,TERIL TAB
,TERIL CR 200MG TAB
,TERIL CR 400MG TAB
,TERTROXIN 29/3 ## TAB
,TESLAC 50MG 29/3 ## TAB
,TESTOVIRON DEPOT 250MG AMP
,TEVACUTAN CR
,TEVACYCLINE 250MG CAP
,TEVADERM CR
,TEVAPIRIN 100MG TAB
,THALIDOMIDE PHARMION 50MG<><>CAP
,THEOTRIM 100MG(30) TAB
,THEOTRIM 200MG(30) TAB
,THEOTRIM 300MG(30) TAB
,THIAMIN HCL 29/M 100MG 2ML AMP
,THIODANTOL 40GM GEL
,THIOTEPA 15MG AMP
,THIOTEPA 15MG 29/M AMP
,THREOLONE UNG
,THYMI SYR
,THYMOGLOBULINE 25MG (N)## AMP
,THYMOLI SYR
,THYROGEN IM<><>0.9 MG BOX OF2AMP
,TIAPRIDAL 29/M 100 MG TAB
,TIAPRIDE 100 MG 29/M TAB
,TICLIDIL 250MG TAB
,TICLOPIDINE-TEVA 250MG TAB
,TIENAM INJ 500MG/20ML
,TIGER BALM RED UNG
,TIGER BALM WHITE
,TIGER PLASTER 2/U PAT
,TILOPTIC 0.5% COL
,TIMENTIN 3.2GM AMP
,TIMOLOL POS COL
,TIMONIL RET. 300MG<><> TAB
,TIMONIL RET. 600MG<><> TAB
,TINOK-AF SALINE NAR
,TIPOTAF(SOD.CHLORID) 0.9% DRP
,TIPTIPOT AFALPI 15MG/ML DRP
,TIPTIPOT FERRIPEL-3 DRP
,TIPTIPOT MUCOLIT DRP
,TIPTIPOT NOVIMOL DRP
,TITANOX 50 MG / 2 ML 29/M AMP
,TOBI 300MG/5ML SOL.FOR INH<><>
,TOBRAMYCIN 29/M AMP
,TOBREX (N) 0.3% COL
,TOBREX OCC 0.3% 3.5GM
,TOFRANIL 25MG TAB
,TOGAMYCIN 2 GR/3.2ML 29/3 AMP
,TONIGHT BOX OF 10
,TOPAMAX 25MG <><> TAB
,TOPAMAX 50MG<><> TAB
,TOPAMAX 100MG<><> TAB
,TOPAMAX 200MG<><> TAB
,TOPAMAX SPRINKLE 15<><> TAB
,TOPAMAX SPRINKLE 25<><> TAB
,TOPISALEN UNG
,TOPITRIM 100MG <><> TAB
,TOPITRIM 200MG <><> TAB
,TOPITRIM 25MG <><> TAB
,TOPITRIM 50MG <><> TAB
,TOTACEF 1GM AMP
,TRACLEER 62.5MG ## TAB
,TRACLEER 125MG ## TAB
,TRAMADEX DRP
,TRAMADEX 100MG TAB
,TRAMADEX FLASHTABS 50MG TAB
,TRAMADEX OD 100MG TAB
,TRAMAL 100MG (N) SUP
,TRAMAL 50MG CAP
,TRAMAL DROPS
,TRAMAL RETARD 100MG TAB
,TRANDATE 100MG(50) TAB
,TRANDATE 200MG(50) TAB
,TRAVAMIN TAB
,TRAVATAN COL
,TRAZODIL 50 MG TAB
,TRAZODIL 100MG TAB
,TRENTAL 400MG TAB
,TREXAPINE 300 MG <><> TAB
,TREXAPINE 600 MG <><> TAB
,TRIAX 1GM AMP
,TRIBEMIN (BETRIVIT) TAB
,TRICAN 50MG(DIFLUCAN) CAP
,TRICAN 150MG(DIFLUCAN) CAP
,TRICARDIA BOX OF 30
,TRICLONAM 100ML SYR
,TRIDERM (N) CR
,TRIFLUCAN 2MG/1ML AMP
,TRIFLUOPERAZINE 29/M TAB
,TRIGON DEPO 29/M AMP
,TRILEPTIN 300MG<><> TAB
,TRILEPTIN 600MG<><> TAB
,TRIOMAR 1 BOX OF 120 CAP
,TRISENOX 29/3 <><> AMP
,TRISEQUENS BOX OF 28 TAB
,TRITACE 1.25MG TAB
,TRITACE 2.5MG TAB
,TRITACE 5MG TAB
,TRITACE COMP 2.5MG TAB
,TRITACE COMP 5MG TAB
,TRITTICO (DEPYREL) 100MG TAB
,TRIZIVIR TAB
,TRUSOPT COL
,TRUVADA TAB
,TUMS EX ASSORTED BOX OF 48
,TUMS EX SUGAR FREE BOX OF 80 TAB
,TUMS PEPERMINT CHEW 36 TAB
,TUMS SMOOTHIES EX PEPPERMINT
,TUSSOPHEDRIN NEW FORMULA SYR
,TYKERB 250 MG(P)## TAB
,TYPHERIX SYRINGE
,TYSABRI 300 MG/15 ML ## AMP
,U-LACTIN CR
,U-LACTIN BODY TREATMENT LOT
,U-LACTIN FORTE CR
,U-LACTIN FORTE FOOT CR
,U-LACTIN HAND TREATMENT CR
,UBRETID 29/3 ## TAB
,UFEXIL 200MG AMP
,UFT 29/M TEGAFUR +URACIL<><>
,ULSANIC TAB
,ULTRACORTENOL EYE OINT (N)
,ULTRALAN 30G CREAM
,UNASYN (N)## AMP
,UNDECYL COMP UNG
,UNDECYL POWDER
,UNISEPT 25ML
,UNISOM 25MG BOX OF 8 TAB
,URALYT U GRAN 0. 280GM
,URAMOX TAB
,URGENIN TAB
,URIKAL SAC
,UROMITEXAN 100MG/ML 29/M AMP
,UROTRACTAN 1GM 29/M TAB
,URSOFALK 250MG CAP
,URSOLIT 100 MG TAB
,URSOLIT 300MG TAB
,UTROGESTAN 100MG VAGINAL TAB
,UTROGESTAN 200MG (N)ORAL/VAG TAB
,V-CRIMA COL
,V-DALGIN (DIPYRONE) DRP
,V-DALGIN (DIPYRONE) SYR
,V-OPTIC 0.25% COL
,V-OPTIC 0.5% COL
,V-PEN 500MG TAB
,V-RAL 5% 2GM UNG
,V-TEARS COL
,V-ZOLINE COL
,VABEN TAB
,VACCINE BEGRIVAC
,VAGIFEM VAG (M) TAB
,VALCYTE 29/3 DRY ##250MG/5ML
,VALCYTE 450MG <><> TAB
,VALERIAN TRA
,VALERIAN (FLORISH) TRA
,VALPORAL 0.2 CAP
,VALPORAL SOD.100 SYR
,VALTREX (10)<><> TAB
,VALTREX (42)<><> TAB
,VANCO-TEVA AMP
,VANCOMYCIN 500MG 29/M AMP
,VANCOMYCIN ES 500MG AMP
,VANCOMYCIN MERCK AMP
,VANIQA (N) CR
,VAPE ROLL ON
,VAQTA ADULTS (M) SYRINGE
,VAQTA PEDIATRIC (M) SYRING
,VARILRIX (M) VAC
,VARITECT (N) 25U 5ML
,VASCACE 1MG TAB
,VASCACE 2.5MG TAB
,VASCACE 5MG TAB
,VASCACE PLUS TAB
,VASINOL 200GM UNG
,VASODIP 10MG TAB
,VAXIGRIP PEDIAT. VAC
,VAXIGRIP VAC
,VECTIBIX 20MG/ML (P) AMP
,VELCADE <><> AMP
,VENLA 37.5MG TAB
,VENLA 75MG TAB
,VENOFER AMP
,VENOGYL 500MG AMP
,VENORUTON 300MG CAP
,VENORUTON GEL
,VENTAVIS 20MCG/2ML ## AMP
,VENTOLIN TAB
,VENTOLIN RESP SOL 20ML
,VENTOLIN 150ML SYR
,VENTOLIN CFC FREE INH
,VEPESID 50MG 29/M <><> CAP
,VEPESIDE 50MG 29/M<><>(CAMADA)CA
,VERACOR 40MG TAB
,VERACOR 80MG TAB
,VERACOR 120MG TAB
,VERAPRESS TAB
,VERMOX TAB
,VERMOX 30ML SUS
,VERRUMAL SOL
,VERUCID SOL
,VESANOID CAP
,VESICARE 10MG TAB
,VESICARE 5MG TAB
,VFEND 200MG <><> TAB
,VFEND 5OMG <><> TAB
,VIAGRA 100MG(M) TAB
,VIAGRA 25MG (M) TAB
,VIAGRA 50MG (M) TAB
,VIALEBEX 200MG/1ML 29/M AMP
,VIBROCIL MICRODOSER SPR
,VIBROCIL NASAL DRP
,VIDAZA 100 MG ## VIA
,VIDEX EC 200MG 29/3 CAP
,VIDEX EC 400MG 29/M CAP
,VIDEX-DDI 100MG TAB
,VIDEX-DDI 150MG TAB
,VIEPAX 37.5MG TAB
,VIEPAX 75MG TAB
,VIEPAX-XR 150MG CAP
,VIEPAX-XR 75MG CAP
,VIGAM 5GM I.V<><> AMP
,VIGAM 10GM I.V<><> AMP
,VIGAMOX 0.5% 5ML<><> COL
,VINCRISTINE 1MG AMP
,VINCRISTINE 5MG AMP
,VINORELBIN 50MG/5ML AMP
,VINORELBIN EBEWE 10MG/1ML AMP
,VIRACEPT ORAL 50 MG/1GM PWD
,VIRAMUNE SUS
,VIRAMUNE TAB
,VIREAD TAB
,VIRU-MERZ GEL
,VISCOTEARS LIQ.GEL COL
,VISKEN 5MG TAB
,VISTIDE 29/3 ## AMP
,VIT B-12 SUBLINGUAL 1000 MG TA
,VIT B12+FOLIC A.SUBLING.BOX 60
,VIT.C (NEW) D.H 500MG TAB
,VIT.C+ROSE HIP D.H1000MG B 100
,VIT.C+ROSE HIPS D.H500 BOX 100
,VIT.E (NEW) D.H 200IU BOX 30 CAP
,VIT.E NAT.NEW D.H 400I.U CAP
,VITA FLEX (180+30) TAB
,VITA FLEX (D.H.) BOX OF 180 TAB
,VITA FLEX+MSM BOX OF 180 TAB.
,VITA-CAL 600 (NEW)D.H TAB
,VITA-CAL+D (NEW) D.H TAB
,VITA-CAL+D+MINERALS(NEW)D.H TAB
,VITA-MERFEN NF UNG
,VITALUX PLUS BOX OF 30 TAB
,VITAMIDYNE D DRP
,VITAMIN B1 100MG TAB
,VITAMIN C 50MG TAB
,VITAMIN C 500MG TAB
,VITAMIN C 500MG 5ML AMP
,VITAMIN E-200 TAB
,VITAMULT SYR
,VITUSSIN 100 MG/5ML SYR
,VOLIBRIS 5MG## TAB
,VOLIBRIS 10MG## TAB
,VOLTAREN 50MG SUP
,VOLTAREN 75MG AMP
,VOLTAREN ACTI GO 12.5MG TAB B
,VOLTAREN EMULGEL 50GR TUB
,VOLTAREN EMULGL 100GR TUB
,VOLTAREN OPHTHA NEW COL
,VOLTAREN SR 100 MG TAB
,WATER FOR INJ 10ML AMP
,WATER FOR INJ 20ML AMP
,WATER FOR INJ TEVA AMP
,WATER FOR INJ.TEVA AMP
,WELLVONE 29/3 ## SUS
,WHITE SOFT PARAFF.(FLORIS)200GM
,WHITFIELD (BENZO-SALICYL) SPIRT
,WINRHO SDF AMP
,WINRHO SDF 1000MCG (N) AMP
,XALACOM (N) COL
,XALATAN COL
,XATRAL 2.5MG TAB
,XATRAL SR 5MG TAB
,XATRAL XL 10MG TAB
,XEFO 8MG (N) TAB
,XELODA 150MG <><> TAB
,XELODA 500MG <><> TAB
,XENAZINE(NITOMAN) <><> TAB
,XENICAL (M) CAP
,XOLAIR 150MG ## AMP
,XYLOVIT 0.05% NAR
,XYLOVIT 0.1% NAR
,XYLOVIT 0.1% M.D. SPR
,XYLOVIT 0.05% M.D. SPR
,YASMIN BOX OF 21 (M) TAB
,YOMESAN TAB
,YOMI ACIDOPHILUS BOX OF 20
,YOMI IRON BOX OF 60
,YOMI MULTIVIT.PLUS BOX OF 60
,YOMI MULTIVITAMIN BOX OF 50
,YOMI VIT.C 2 BOX OF 50
,YONDELIS 1MG (P) AMP
,ZADITEN SYR
,ZADITEN 1MG TAB
,ZADITEN EYE COL (N)
,ZANIDEX 150MG TAB
,ZANIDEX 300MG TAB
,ZANOSAR <><> AMP
,ZANTAB 150MG TAB
,ZANTAB 300MG TAB
,ZANTAC (N) 150MG SYR
,ZANTAC 50 MG/2ML AMP
,ZARONTIN 250MG 29/M SYR
,ZARONTIN 29/M CAP
,ZAROXOLYN (N) 5MG TAB
,ZAVEDOS 10MG AMP
,ZEFFIX 100MG TAB
,ZEFFIX ORAL SOL
,ZEHU-ZE 1% 120ML CR
,ZENALB INF 4.5% 500ML
,ZENAPAX ## AMP
,ZENLAB 29/M 20% SOL
,ZERIT 20MG 29/M CAP
,ZERIT 30MG CAP
,ZERIT 40MG CAP
,ZERIT 40MG 29/M CAP
,ZERIT PED 29/M 1MG/ML SUS
,ZERIT PEDIAT SUS
,ZETO 250MG <><> TAB
,ZEVALIN 3.2MG/2ML ## AMP
,ZIAGEN SOL
,ZIAGEN 300MG TAB
,ZIDOVAL VAGINAL GEL
,ZINACEF AMP
,ZINAMIDE 500MG 29/M TAB
,ZINC (FLORISH) LOT
,ZINCI LOT
,ZINCOD UNG
,ZINCOL TAB
,ZINDACLIN GEL
,ZINNAT 125MG TAB
,ZINNAT 125MG 50ML SYR
,ZINNAT 250MG TAB
,ZINNAT 250MG/5ML SUS
,ZINNAT 500MG TAB
,ZODORM 10MG TAB
,ZOFRAN 4 MG TAB
,ZOFRAN 4 MG/2 ML AMP
,ZOFRAN 8 MG TAB
,ZOFRAN 8 MG/4 ML AMP
,ZOLADEX 3.6MG AMP
,ZOLADEX L.A. AMP
,ZOLADEX LA 10.8MG SAFESYSTEM AMP
,ZOLADEX LA 3.6MG SAFESYSTEM AMP
,ZOMERA 4MG<><>CONC.FOR INF.VIA
,ZOMIG 2.5MG TAB
,ZOMIG RAPIMELT 2.5MG(M)TAB
,ZORAC 0.1% (M) GEL
,ZOSTRIX - HP 0.075% CR
,ZOSTRIX 0.025% CR
,ZOTON 15MG <><> CAP
,ZOTON 30MG <><> CAP
,ZOVIRAX SUS
,ZOVIRAX 200MG TAB
,ZOVIRAX 400MG TAB
,ZOVIRAX 5% 2GM CR
,FLUOROURACIL 1GM
,FLUOROURACIL 5GM/100ML
,FLUPHENAZINE HCL 5MG 29/M TAB
,FLUTAMIDE-TEVA 250MG TAB
,FLUTINE 2OMG CAP
,FLUVOXAMINE TEVA 100MG TAB
,FLUVOXAMINE-TEVA 50 MG<><>TAB
,FML 0.1% COL
,FOLEX 400 BOX OF 30 TAB
,FOLIA SENNA TEA BAG 2GRX10
,FOLIC ACID (REKAH) TAB
,FOLIC ACID (SAM-ON) TAB
,FOLIC ACID 400MCG(NEW) D.H TAB
,FORADIL FOR INHAL (N)
,FORIC PREGNANCY TAB
,FORTEO PREFILLED PEN ##
,FORTOVASE 200MG TAB
,FORTUM AMP
,FOSALAN 10MG <><> TAB
,FOSALAN ONCE WEEKLY BOX OF 4
,FOSCAVIR 6GM AMP
,FOSCAVIR 6GM (NEW) AMP
,FOSRENOL 1000 MG<><> TAB
,FOSRENOL 500 MG<><> TAB
,FOSRENOL 750 MG<><> TAB
,FRAGMIN 5000I.U AMP
,FRUCTOSE B.P.(N)(F) 1KG PWD
,FUCIDIN TAB
,FUCIDIN 2% 30GM CR
,FUCIDIN 2% 30GM OIN
,FUCITHALMIC VISCOUS (N) COL
,FUNGIMON PWD
,FUNGIZONE I.V. 29/M AMP
,FUNGIZONE I.V.29/M AMP
,FURADANTIN 25MG/5ML 29/M 8 OZ
,FURADANTIN 25MG/5ML(ML) 29/M SUS
,FURADANTINA MC 100MG 29/M CAP
,FURAMIDE 29/3 ## TAB
,FUROSEMID INTRAMD 250/25ML AMP
,FUROSEMIDE 29/M 250/25ML AMP
,FUROSEMIDE INTRAMED 10MG/1ML AMP
,FUROSEMIDE ORAL 10MG(N)29/M SOL
,FUSID 20MG AMP
,FUSID 40MG TAB
,FUZEON 90MG/ML ## AMP
,GABAPENTIN-TEVA 300MG<><>CAP
,GABAPENTIN-TEVA 400MG<><>CAP
,GAMIMMUNE N 5GM<><> AMP
,GAMMAGARD S.D. 10GM AMP
,GAMMAGARD S.D.5GM 29/M <><>AMP
,GARDASIL (M) VAC
,GARDASIL PRE-FILLED SYRING (M)
,GASTRO 20MG TAB
,GASTRO 40MG TAB
,GAVISCON ADVANCE 29/3 ## SUS
,GEMZAR 1GM<><> AMP
,GEMZAR 200MG<><> AMP
,GENOTROPIN 12MG (36IU)<><>CAR
,GENOTROPIN 5.3MG (16IU)<><> AMP
,GENTAMYCIN 80MG RAFA AMP
,GENTAMYCIN 80MG TEVA AMP
,GENTATRIM CREAM
,GENTATRIM UNG
,GENTEAL 0.3% COL
,GENTEAL GEL 0.3% 10GM
,GEODON 20 MG <><> CAP
,GEODON 40 MG <><> CAP
,GEODON 60 MG <><> CAP
,GEODON 80 MG <><> CAP
,GESTONE AMP
,GILEX 10MG CAP
,GILEX 25MG CAP
,GINKGO BILOBA (NEW) D.H CAP
,GIROFLOX 200MG/100ML AMP
,GLAUCOCARPINE 1% COL
,GLAUTAN COL
,GLIBETIC TAB
,GLIVEC 100MG <><> TAB
,GLIVEC 400MG <><> TAB
,GLUBEN TAB
,GLUCAGEN HYPOKIT AMP
,GLUCO GEL OS
,GLUCO RITE TAB
,GLUCOMIN TAB
,GLUCOPHAGE CAP
,GLUCOSE 50GM (FLORISH) PWD
,GLYCERIN 1GM INF SUP
,GLYCERIN 1GM PAED.(REK) SUP
,GLYCERIN 2GM ADULT (REKAH) SUP
,GLYCERIN 2GM ADULT (SAM-ON) SUP
,GLYCERIN 30ML
,GLYCERIN 30ML (FLORISH) LIQ
,GLYCOPYRROLATE 29/3 ## TAB
,GLYPRESSIN <><> AMP
,GODAMED BOX OF 30 TAB
,GONAL-F FBM (10)<><> AMP
,GONAL-F-PEN 300IU (N)<><> AMP
,GONAL-F-PEN 450IU (N)<><> AMP
,GONAL-F-PEN 900IU (N)<><> AMP
,GRANISETRON-TEVA AMP
,GRANOCYTE <><> AMP
,GRISEOFULVIN 125MG/5ML 29/M SUS
,GUAIACOL SYR
,GUTRON 2.5MG TAB
,GYNERA BOX OF 21 TAB
,GYNO DAKTARIN VAG TAB
,GYNO DAKTARIN VAG CR
,GYNO-PEVARYL VAG TAB
,HADAS DROPS ??????
,HADAS ??-????? SYR
,HADAS ??????.???.?????? BOX 60
,HADAS ??????
,HADAS ?????? ??? ?????BOX OF30
,HADAS-??????? ?????.?'??BOX 75
,HADAS-???? ????.?'?? C.???B75
,HADAS???????-?????? ??????BX60
,HADAS????????.??????? ?'??B.90
,HAEMATE P 1000 IU AMP
,HAEMATE P 500 I.U AMP
,HAEMOCTIN SDH 1000 U AMP
,HAEMOCTIN SDH 500 U AMP
,HAFIF 10
,HALDOL 5MG TAB
,HALF INDERAL LA 80 MG CAP 29/M
,HALIDOL 5MG/1ML AMP
,HALIDOL DECANOAS 100MG AMP
,HALIDOL DROPS 15ML
,HALOPER 10MG TAB
,HALOPER 5MG TAB
,HARMONET BOX OF 21 TAB
,HAVRIX 1440 (M) VAC
,HAVRIX 720 JUNIOR (M) VAC
,HEDRIN FOR HAIR
,HELIXATE 1000 U 29/M## AMP
,HELIXATE 500 U 29/M## AMP
,HEMO UNG
,HEMOFIL M 1000 IU AMP
,HEMOFIL M 500U AMP
,HEP-LOCK 29/M AMP
,HEPARIN 1000U/ML
,HEPARIN 5000U/1ML 29/M AMP
,HEPARIN LOCK FLUSH
,HEPARIN SOD 1000U/ML 29/M AMP
,HEPARIN SODIUM 5000U/ML AMP
,HEPATECT 50U/1ML<><> AMP
,HEPATYRIX SYRINGE
,HEPSERA 10MG <><> TAB
,HERCEPTIN <><>*????????* AMP
,HEXAKAPRON AMP
,HEXAKAPRON TAB
,HEXIDIN OBSTETRIC 29/M CR
,HIBTANE 29/M OBSTERIC CR 1%
,HIPREX TAB
,HISTADEX SYR
,HISTAZINE SYR
,HISTAZINE 10MG TAB
,HOLOXAN 29/M 2GM AMP
,HOLOXAN 29/M 1GM AMP
,HUMAN ALBUMIN LOW SALT 20% AMP
,HUMATIN 29/3 ## CAP
,HUMATIN 29/3 ## SYR
,HUMIRA 40MG/0.8ML <><> AMP
,HYCAMTIN 4MG (1) <><> AMP
,HYCAMTIN 4MG (5)<><> AMP
,HYCOMICYN 2.5% UNG
,HYDRALAZINE 10MG 29/M TAB
,HYDRALAZINE 50MG 29/M(100) TAB
,HYDRAN PWD 3 BOT/BOX
,HYDREA 29/M CAP
,HYDROAGISTEN CREAM
,HYDROCORTISONE 10MG TAB
,HYDROGEN PEROX.(FLOR.)
,HYDROGEN PEROXIDE 1LT
,HYDROGEN PEROXIDE 3% SOL
,HYDROGEN PEROXIDE BP
,HYDROXYUREA 500MG 29/M CAP
,HYLO-COMOD 0.1% COL
,HYPO TEARS E COL
,HYTRIN 5MG TAB
,HYTRIN 10MG TAB
,HYTRIN 2MG TAB
,HYTRIN STARTER PACK 1MG+2MG
,IBUFEN 400MG TAB
,IBUFEN 600MG TAB
,ICHTAMOLI 10% UNG
,IFO-CELL 2 GM 29/M AMP
,IFO-CELL 1 GM 29/M AMP
,IFOXAN 1000MG 29/M AMP
,IFOXAN 2GM 29/M AMP
,IGF-1 29/3 ## AMP
,IKACLOMIN TAB
,IKACOR 40MG TAB
,IKACOR 8OMG TAB
,IKACOR 120MG TAB
,IKAPRESS TAB
,ILOMEDIN *????????* AMP
,IMITREX 50MG TAB
,IMITREX 100MG TAB
,IMITREX STARTER AMP
,IMMUKIN 29/3 ## AMP
,IMODIUM CAP
,IMODIUM SYR
,IMODIUM N 29/M 0.2MG/1ML SYR
,IMOVANE 7.5 MG TAB
,IMURAN 25MG (N) TAB
,IMURAN 50MG TAB
,INAZID 300MG TAB
,INCRELEX 10MG/ML29/3## AMP
,INDOCID 29/M SUP
,INDOCID 29/M 100MG SUP
,INDOCID MSD 29/M 100MG SUP
,INDOCOLLYRE COL
,INDOVIS CAP
,INHIBACE 12.5MG TAB
,INHIBACE 25MG TAB
,INHIBACE 50MG TAB
,INS ACTRAPID HM 10ML
,INS ACTRAPID HM 5X3ML BX
,INS APIDRA 5x3ML<><> BOX CRT
,INS APIDRA INJ 100IU/1ML 10ML
,INS APIDRA SOLOSTAR 5*3ML BOX
,INS HUMALOG LISPRO 10ML<><>
,INS HUMALOG LISPRO 5X3ML<><>BOX
,INS HUMALOG LISPRO PEN 5X3ML<><>
,INS HUMALOG MIX 25 5X3ML<><>CRT
,INS HUMALOG MIX 25 PEN 5X3ML<><>
,INS HUMALOG MIX 50 5X3ML <><>CRT
,INS HUMALOG MIX 50 PEN <><> B 5
,INS HUMULIN NPH 10ML
,INS HUMULIN 30/70 10ML
,INS HUMULIN 70/30 5x3ML AMP
,INS HUMULIN NPH 5x3ML AMP
,INS HUMULIN R 10ML
,INS HUMULIN R 500U 29/3 ## AMP
,INS HUMULIN R 5X3ML AMP
,INS INSULATARD HM 10ML
,INS INSULATARD HM 5X3ML
,INS LANTUS 100IU 10ML VIA
,INS LANTUS BOX OF 5X3ML
,INS LANTUS SOLOSTAR 5*3ML BOX
,INS LEVEMIR BOX OF 5X3ML
,INS MIXTARD HM 30/70 10ML
,INS MIXTARD HM 30/70 5X3ML
,INS MIXTARD HM 40/60 5X3ML
,INS MIXTARD HM 50/50 5X3ML
,INS NOVOMIX 30 5X3ML FLEXPEN
,INS NOVOMIX 50 5X3ML FLEXPE
,INS NOVOMIX 70 5X3ML FLEXP
,INS NOVORAPID 10ML AMP
,INS NOVORAPID 5X3ML AMP
,INS NOVORAPID FLEX PEN 5X3ML
,INTRON A 10MIU<><> AMP
,INTRON A MULTIDOSE 18<><>
,INTRON A MULTIDOSE 30<><>
,INVANZ 1GM (N) VIA
,INVIRASE 500MG (N) TAB
,IODAX 2.5% SOL
,IODIFLOR SOL
,IODIFLOR 10% 300ML SOL
,IODIFLOR CLEANSER SOL
,IODO-VIT SOL
,IODO-VIT 15GM UNG
,IODO-VIT 250 GM UNG
,IODO-VIT 300 ML SOL
,IOPIDINE 0.5% (N) COL
,IPECAC U.S.P 30ML SYR
,IRINOTECAN INJ 100MG/5ML<><>
,IRINOTECAN INJ 40MG/2ML<><>
,ISENTRESS 400 MG ## TAB
,ISOCORT CREAM
,ISOGEN CREAM
,ISOKET SPR
,ISOKET 20MG RETARD 29/M TAB
,ISOKET 40MG RETARD 29/M TAB
,ISOKET 60MG RETARD 29/M TAB
,ISONIAZID TAB
,ISONIAZID 300MG 29/M TAB
,ISONIAZIDE 300 MG TAB(100
,ISOPRINOSINE 29/3 ## TAB
,ITRANOL 100MG CAP
,IXEL 25MG CAP
,IXEL 50MG CAP
,JANUVIA 100 MG (M) TAB
,JANUVIA 25MG(M) TAB
,JANUVIA 50MG(M) TAB
,JUMEX TAB
,JUNGBORN TEA BAGS BOX
,KALBETEN SUS
,KALBETEN BOX OF 20
,KALETRA TAB
,KALETRA LOW DOSE 29/3 TAB
,KALETRA ORAL SOL
,KALGARON CHERRY LEMON SPR
,KALGARON FRUIT MIX BOX OF 24
,KALGARON LEMON BOX OF 24 LOZ
,KALGARON STRAWBERRY BOX OF 24 LO
,KALURIL (N) TAB
,KAMIL BLUE BABY 100GM PAS
,KAMIL BLUE SENSI.BABY PASTA
,KAMRAB 300IU/2ML AMP
,KAMRHO-D I.M AMP
,KARIN (N) 250MG TAB
,KARIN (N) 500MG TAB
,KARVOL BOX OF 10 CAP
,KARVOL BOX OF 20 CAP
,KAYEXALATE PWD
,KEFAZIN 1GM AMP
,KEFOTAM 1GM AMP
,KEFTRIAXONE I.V. 1GM AMP
,KEFURIM AMP
,KELO-COTE 15GM GEL
,KEMADRIN TAB
,KENALOG I.M. AMP
,KENALOG IN ORABASE UNG
,KEPPRA 100MG/1ML 29/3 ## SYR
,KEPPRA 1000MG <><> TAB
,KEPPRA 250MG <><> TAB
,KEPPRA 500MG <><> TAB
,KERATOSPOR (N) UNG
,KETALAR I.M. AMP
,KETAMINE 50MG/1ML I.M AMP
,KIDROLASE AMP
,KINCARE SHAMPOO KIT SHP
,KIVEXA TAB
,KLACID (N) 125/5ML SYR
,KLARIDEX (N) 250MG TAB
,KLIOGEST (N) BOX OF 28 TAB
,KOATE D.V.I 1000U AMP
,KOGENATE FS 1000 U ## 29/M VIA
,KOGENATE FS 250 U ## 29/M VIA
,KOGENATE FS 500 U 29/M ## VIA
,KONAKION MM AMP
,KONAKION MM 2MG/0.2ML AMP
,KONSYL ORANGE 250GM PWD
,KYTRIL 1MG TAB
,KYTRYL I.V. AMP
,L-ARGININE (F)29/3 ## SOL
,L-CARNITINE (LEFCAR)29/M TAB
,L-CITRULLINE 29/3 ## CAP
,L-THYROXINE 29/M ## DRP
,LA-CURE CR
,LACRIMOL COL
,LACROMYCIN COL
,LAEVOLAC SOL
,LAMICTAL 50MG TAB
,LAMICTAL DISPE./CHEW 25MG TAB
,LAMICTAL DISPE./CHEW.100MG TAB
,LAMICTAL DISPE./CHEW.200MG TAB
,LAMICTAL DISPE./CHEW.5MG TAB
,LAMISIL CR
,LAMISIL (N) 250MG TAB
,LAMISIL 1% SPR
,LAMISIL DERM GEL
,LAMISIL ONCE SOL 1% 4GM
,LAMODEX 5MG DISP/CHEW TAB
,LAMODEX 100MG DISP/CHEW TAB
,LAMODEX 200MG DISP/CHEW TAB
,LAMODEX 25MG DISP/CHEW TAB
,LAMODEX 50MG DISPE/CHEW TAB
,LAMOGINE 100MG TAB
,LAMOGINE 200MG TAB
,LAMOGINE 25MG TAB
,LAMOGINE 50MG TAB
,LAMOGINE 5MG TAB
,LAMPREN 29/M 100MG <><>CAP
,LANACORT CR
,LANOXIN 0.5MG 2ML AMP
,LANOXIN PED 60M ELIXIR
,LANSO 15 MG CAP
,LANSO 30 MG CAP
,LANSOPRAZOLE-TEVA 15MG CAP
,LANSOPRAZOLE-TEVA 30MG CAP
,LANTON 15 MG CAP
,LANTON 30 MG CAP
,LANVIS (THIOGUANIN) TAB
,LARIAM TAB
,LARODOPA 29/3 ## 500MG TAB
,LAXADIN TAB
,LAXATIV COMP TAB
,LEMOCIN CHERRY SUGAR FREE LOZ
,LEMOCIN LEMON SUGAR FREE
,LEPONEX 25MG TAB
,LEPONEX 100MG TAB
,LESCOL 20MG CAP
,LESCOL 40MG TAB
,LESHCUTAN UNG
,LEUCOMAX 150 MCG<><> AMP
,LEUCOMAX 400 MCG<><> AMP
,LEUCOVORIN 100MG AMP
,LEUCOVORIN 15MG TAB
,LEUKERAN 2MG 29/M TAB
,LEUSTATIN <><> AMP
,LEVITRA 5MG (M) TAB
,LEVITRA 10MG (M) TAB
,LEVITRA 20MG (M) TAB
,LEVO 500MG(N)<><> TAB
,LEVODEX (LEVOZEM) 30MG TAB
,LEVODEX (LEVOZEM) 60MG TAB
,LEVOPAR PLUS 125 CAP
,LEVOPAR PLUS 250 CAP
,LEVOTHYROXINE 29/M AMP
,LEVOTHYROXINE SOD.29/3<><>TAB
,LEXIVA 700MG TAB
,LICARBIUM TAB
,LID-CARE CLEANSER SOL
,LIORESAL 10MG TAB
,LIORESAL 25MG TAB
,LIPANOR 100MG(N) CAP
,LIPITOR 10MG <><> TAB
,LIPITOR 20MG <><> TAB
,LIPITOR 40MG <><> TAB
,LIPITOR 80MG <><> TAB
,LIPRAM 29/3 CAP
,LIQUIFILM TEARS COL
,LITAK 10 <><> AMP
,LIVIAL 2.5MG BOX (M) TAB
,LIVOSTIN COL
,LOCACID 0.05% CREAM
,LOCALIN COL
,LOCERYL NAIL
,LOMUDAL NEBULISER SOL
,LONITEN 29/M TAB
,LONITEN 5MG 29/M(100) TAB
,LOPERID CAP
,LOPRESOR DIVITABS TAB
,LOPRESOR OROS 190MG TAB
,LORASTINE TAB
,LORASTINE 5MG/5ML SYR
,LORATADINE 10MG TAB
,LORATRIM 5MG/5ML SYR
,LORIVAN TAB
,LOSARDEX 50 MG TAB
,LOSEC 20MG CAP
,LOTAN 100MG TAB
,LOTAN 50 MG TAB
,LOTAN PLUS TAB
,LOZAPINE 100MG TAB
,LOZAPINE 25MG TAB
,LUBRICANS UNG
,LUCRIN PDS 11.25MG DEPOT PREFI.
,LUCRIN PDS DEPOT 3.75MG PREFI.
,LUMIGAN 0.03% COL
,LUSTRAL 50MG TAB
,LUVERIS (M) AMP
,LYCLEAR CR
,LYRICA 75MG (14) <><> CAP
,LYRICA 75MG (56) <><> CAP
,LYRICA 150MG (14)<><> CAP
,LYRICA 150MG (56)<><> CAP
,LYRICA 25MG (14)<><> CAP
,LYRICA 300MG (14) <><> CAP
,LYRICA 300MG (56)<><> CAP
,LYRINEL SR 5MG TAB
,LYSODREN 29/M TAB
,LYTEERS COL
,M.I.R. 15MG TAB
,M.I.R. 30MG TAB
,MAALOX 355ML SUS
,MAALOX PLUS SUS
,MAALOX PLUS BOX OF 50 TAB
,MABCAMPATH 10MG/ML ## AMP
,MABTHERA 100MG ## AMP
,MABTHERA 500MG ## AMP
,MACRODANTIN 100MG 29/M CAP
,MAGNESIUM SULPHATE 30G PWD
,MAGNESIUM SULPHATE [FLORISH]30GM
,MALARONE ADULT (N)(12) TAB
,MALARONE ADULT (N)(24) TAB
,MALARONE PED.(N) TAB
,MARONIL 25MG TAB
,MARONIL 75 SR TAB
,MAXIBONE 10MG TAB
,MAXIBONE 70MG BOX OF 4 TAB
,MAXIDEX COL
,MAXITROL COL
,MAXITROL OCUL
,MCR 10MG TAB
,MCR 100MG TAB
,MCR 30MG TAB
,MCR UNO 120MG CAP
,MCR UNO 200MG CAP
,MEDEBIOTIN 5MG 29/3 ## TAB
,MEDIDENT LIQ
,MEDIXEL 100MG <><> AMP
,MEDIXEL 300MG/50ML <><>AMP
,MEDIXEL <><> AMP
,MEGACE 160MG 29/M CAP
,MEGACE 40MG TAB
,MEGALOTECT (N) AMP
,MEGAPLEX 160MG 29/M TAB
,MEGAXIN 400MG (N)<><> TAB
,MEGEFREN 160 MG 29/M TAB
,MEGESTROL ACETATE 40MG 29/M TAB
,MELIANE BOX OF 21 TAB
,MELODIL 25MG TAB
,MELODIL 50MG TAB
,MEMORIT 5MG <><> TAB
,MEMORIT 10MG <><> TAB
,MEMOX 10MG (M) TAB
,MENCEVAX ACWY (N) 0.5ML VAC
,MENOGON<><> AMP
,MENOPUR ## AMP
,MENTAX (M) CR
,MEPHAQUIN TAB
,MEPHYTON 29/M TAB
,MERCAPTIZOL TAB
,MERCILON BOX OF 21
,MERFEN SPR
,MERIDOL MOUTH WASH LIQ
,MEROKEN NEW
,MERONEM AMP
,MESTINON (20) TAB
,MESTINON 60MG/5ML 29/3 ## SYR
,METASTRON*????????* AMP
,METFORMIN 29/M TAB
,METFORMIN-LIPHA TAB
,METHAZOLAMIDE-TEVA 25MG TAB
,METHERGIN TAB
,METHERGIN 29/M AMP
,METHIMAZOLE 5MG 29/M TAB
,"METHOTREXAT 2.5MG ""EBEWE"" TAB"
,METHOTREXATE 1GM/10ML W/O.P.AMP
,METHOTREXATE 29/M TAB
,METHOTREXATE W/O P 5GM AMP.
,METHOZANE 100MG TAB
,METHOZANE 25MG TAB
,METHYLERGOMETRINE 29/M AMP
,METHYLPREDNISOLONE 120MG AMP
,METHYLPREDNISOLONE 40MG AMP
,METOPRESS RETARD 200 TAB
,METROGYL ORAL TAB
,METRONIDAZOLE 500MG AMP
,METRONIDAZOLE 500MG VIA
,MEXITIL 200 MG 29/M (30) CAP
,MEXITIL 200 MG 29/M CAP
,MIACALCIC AMP
,MIACALCIC NASAL<><> SPR
,MICAL SYR
,MICAL TAB
,MICRODIOL BOX OF 21 TAB
,MICROGYNON A 21 TAB
,MICROLET ENM
,MICROPIRIN 100MG TAB
,MICROPIRIN 75MG TAB
,MIDRO TEA BOX OF 80GM
,MIFLONIDE FOR INH (N) CAP
,MIGRALEVE (N) TAB
,MILTEX SOL
,MIMPARA FILM COATED 30 MG<><>TAB
,MIMPARA FILM COATED 60 MG<><>TAB
,MIMPARA FILM COATED 90 MG<><>TAB
,MINERALI SOL BOT 500M
,MINESSE BOX OF 1 OP(N) TAB
,MINIRIN AMP
,MINIRIN 0.1MG TAB
,MINIRIN 0.2 TAB
,MINIRIN MELT 60MCG TAB
,MINIRIN MELT 120MCG TAB
,MINIRIN NASAL SOL
,MINIRIN SPRAY 0.1MG/ML BOT
,MINOCIN 50 CAP
,MINOCLIN 50 CAP
,MINOCYCLINE RAFA CAP
,MINOXI 2 SPR
,MINOXI 2 [2X80ML]
,MINOXI 5 SPR
,MINOXI 5 [2X80ML]
,MINOXIDIL TAB
,MINULET BOX OF 21 TAB
,MIRCERA PRE-FIL. SRG<><> 75MCG
,MIRCERA PRE-FIL. SRG<><>100MCG
,MIRCERA PRE-FIL. SRG<><>200MCG
,MIRCERA PRE-FIL.<><>120MCG
,MIRCERA PRE-FIL.SRG <><>250MCG
,MIRCERA PRE-FIL.SRG.<><>30MCG
,MIRCERA PRE-FIL.SRG.<><>360MCG
,MIRCERA PRE-FIL.SRG<><> 150MCG
,MIRCERA PRE-FILL.SRG<><>50MCG
,MIRENA NEW INSERTER <><>
,MIRO 30MG TAB
,MIRO 45MG TAB
,MIRTAZAPINE TEVA 30MG TAB
,MIRTAZAPINE TEVA 45MG TAB
,MITE-X CR
,MITOMYCIN C 10MG AMP
,MITOMYCIN C 2MG AMP
,"MITOXANTRON'EBEWE"" AMP"
,MIZOLLEN 10MG TAB
,MOBEMIDE 150MG TAB
,MODAL 200MG TAB
,MODAL 50MG CAP
,MONARC-M 1050 I.U AMP
,MONARC-M 475 I.U AMP
,MONOCEF 1GM AMP
,MONOCORD 20MG TAB
,MONOCORD 40MG TAB
,MONOCORD 50 SR TAB
,MONOLONG SR 40 MG CAP
,MONOLONG SR 60 MG CAP
,MONONINE 1000U AMP
,MONONIT 20 MG TAB
,MONONIT 40MG TAB
,MONONIT RETARD 50 MG TAB
,MONUROL SACHETS
,MORPHINE HCL 10MG AMP
,MORPHINE HCL 20MG AMP
,MOTILIUM TAB
,MOTILIUM BABIES 10MG SUP
,MOVEX SOL
,MOVEX TAB
,MOXYPEN 125MG SYR
,MOXYPEN 250MG CAP
,MOXYPEN 250MG SYR
,MOXYPEN 500MG CAP
,MOXYVIT 125MG SYR
,MOXYVIT 250MG CAP
,MOXYVIT 250MG SYR
,MOXYVIT 500MG CAP
,MSP 5MG SUP
,MSP 20MG SUP
,MUCOLIT CAP
,MUCOLIT SYR
,MUCOLIT HONEY-LEMON LOZ
,MUCOMED 250MG/5ML SYR
,MUCOMYST 10ML SOL
,MUCOMYST 5ML 29/M SOL
,MULTIDERM (NERIS.C) 30GM CREAM
,MULTIVIT.ADVANTAGE BOX 100
,MULTIVIT.D.H BOX OF 100
,MULTIVIT.D.H BOX OF 30 TAB
,MULTIVIT.EXT.ANTIOXID.D.H TAB
,MULTIVIT.GOLD D.H.TAB
,MULTIVIT.WOMEN D.H BOX 100
,MUMPS MEASLES RUBELLA (MMR) VAC
,MUPHORAN (N) AMP
,MUPIROCIN-TEVA UNG
,MUSCOL TAB
,MUSTARGEN AMP
,MYAMBUTOL 400MG TAB
,MYCOBUTIN 150MG CAP
,MYDRAMID COL
,MYFORTIC 180MG<><> TAB
,MYFORTIC 360MG<><> TAB
,MYLERAN TAB
,MYLOTARG 5MG ## AMP
,MYOCRISIN 20MG/0.5ML 29/M AMP
,MYOCRISIN 50MG 29/M AMP
,MYOTONINE 25MG 29/M TAB
,MYOZYME 50MG ## VIA
,NABUCO (M) TAB
,NANDROLON DECA 29/M AMP
,NAPRIZIDE 10MG/25MG (N) TAB
,NAPRIZIDE 5MG/12.5MG (N) TAB
,NARAMIG (M) TAB
,NARDIL 29/M TAB
,NARDIL 29/M (60) TAB
,NAROCIN 275MG TAB
,NASOCORT AQUA NASAL (M)64MCG
,NATACYN 29/M (N)## COL
,NATULAN 29/M CAP
,NAVELBINE 10MG<><> AMP
,NAVELBINE 20MG (N) ## CAP
,NAVELBINE 30MG (N) ## CAP
,NAVELBINE 50MG<><> AMP
,NAXYN SUP
,NAXYN 250MG TAB
,NAXYN 500MG TAB
,NEBCIN 80MG AMP
,NEBUPENT 29/3(PENTACARINAT)##
,NEO MEDROL LOT
,NEO-GILURYTMAL 29/3 ## TAB
,NEOBLOC 100MG TAB
,NEOBLOC LONGITABS 200MG TAB
,NEOCUTAN UNG
,NEOCUTAN SILVER CR
,NEOMYCIN TAB
,NEOSTIGMIN 2.5MG/ML 29/M AMP
,NEOSTIGMINE(COOPER)29/M AMP
,NEOTIGASON 10MG(30) CAP
,NEOTIGASON 25MG(30) CAP
,NEOXINAL 29/M
,NERIDERM 30GM CREAM
,NERIDERM (NERIS.)30GM UNG
,NERIDERM FATTY 30GM UNG
,NEULASTIM PREFILL.SYRINGE<><>
,NEULEPTIL CAP
,NEULEPTIL DRP
,NEUPOGEN 300MCG<><> AMP
,NEUPOGEN SYR.300MCG/0.5(NEW)<><>
,NEUPOGEN SYR.480MCG/0.5(NEW)<><>
,NEUROBETIC BOX OF 30 CPL
,NEURONTIN 300MG <><> CAP
,NEURONTIN 400MG <><> CAP
,NEXAVAR 200 MG ## TAB
,NFN 200MG CAP
,NIACIN 500MG 29/M TAB
,NICORETTE 10MG INH
,NICORETTE CHEW 4 MG X 30
,NICORETTE CHEWING GUM 2MG BOX
,NICOTINEL MINT 1 MG LOZ
,NICOTINELL GUM 2MG FRUIT
,NICOTINELL GUM 2MG MINT
,NICOTINELL GUM 4MG FRUIT
,NICOTINELL GUM 4MG MINT
,NICOTINELL TTS 10 7MG 7 BOX
,NICOTINELL TTS 20 14MG BOX
,NICOTINELL TTS 30 21MG 7 BOX
,NICOTINIC ACID TAB
,NIFEDILONG SR 30 MG TAB
,NIFEDILONG SR 60 MG TAB
,NIFEDIPINE-TEVA 30MG XL TAB
,NIFEDIPINE-TEVA 60MG XL TAB
,NIFURANTIN 100MG 29/M TAB
,NIMOTOP TAB
,NIQUITIN CQ PAT 14MG 7/BOX
,NIQUITIN CQ PAT 21MG 7/BOX
,NIQUITIN CQ PAT 7MG 7/BOX
,NIRVAXAL TAB
,NITRODERM TTS 10 BOX OF 10
,NITRODERM TTS 5 BOX OF 10
,NITROLINGUAL SPR
,NIZORAL TAB
,NIZORAL CREAM TUB
,NIZORAL SHAMPOO (N)
,NOCTURNO 3.75MG TAB
,NOCTURNO 7.5MG TAB
,NOK NEW LOT. SPR
,NOLVADEX 10MG (VALODEX) TAB
,NOLVADEX 20MG (VALODEX) TAB
,NOPAN TAB
,NORDITROPIN SIMP.10MG <><> AMP
,NORFLEX 29/M 30MG/ML AMP
,NORIT TAB
,NORLIP TAB
,NORMALOL 25MG TAB
,NORMALOL 50MG TAB
,NORMALOL 100MG TAB
,NORMITEN 25MG TAB
,NORMITEN 50MG TAB
,NORMITEN 100MG TAB
,NORMOPRESAN TAB
,NORPROLAC 150MCG TAB
,NORPROLAC 75MCG TAB
,NORTYLIN 25MG TAB
,NORVASC 5MG TAB
,NORVASC 10MG TAB
,NORVIR SOL
,NORVIR (RITONAVIR) 100MG CAP
,NOTENSYL SYR
,NOTENSYL TAB
,NOVANTRONE AMP
,NOVERIL 240MG TAB
,NOVITROPAN 5MG TAB
,NOVO-NAPROX 250 MG 29/M TAB
,NOVO-NAPROX 500 MG 29/M TAB
,NOVOFEM BOX TAB
,NOVONORM (M) 0.5MG TAB
,NOVONORM (M) 1MG TAB
,NOVONORM (M) 2MG TAB
,NOVOSEVEN 1.2MG ## AMP
,NOVOSEVEN 2.4MG ## AMP
,NOVOSEVEN 4.8MG ## AMP
,NOXAFIL 200MG/5ML 29/M##SUS
,NOZINAN 100 MG TAB
,NOZINAN 25MG AMP
,NTBC 10MG 29/3 ## CAP
,NTBC 2MG 29/3 ## CAP
,NTBC 5MG 29/3 ## CAP
,NUMBON TAB
,NUROFEN BOX OF 24 TAB
,NUROFEN CHILD SUS
,NUROFEN COLD & FLU BOX OF 24
,NUROFEN GEL 5% 50GM
,NUROFEN LIQUID BOX OF 20 CAP
,NUROFEN LIQUID BOX OF 40 CAP
,NUROFEN STRAWBERRY CHILD
,NUSSIDEX TAB
,NUVARING VAGINAL RING(M)
,NYOLOL 0.1% (N) GEL
,NYOLOL 0.25% COL
,NYOLOL 0.5% COL
,NYSTATIN SYR
,OBLIPICHA SUNCARE CREAM 100 M
,OBLIPICHA SUNCARE 40SPF LOT
,OCSAAR 50MG TAB
,OCSAAR PLUS TAB
,OESTROGEL (N) GEL
,OFLODEX TAB
,OFLOX COL
,OFLOXACINA 200MG/ML AMP
,OKACIN (N) COL
,OMEGUARD KIDS CAP
,OMEPRADEX 10MG CAP
,OMEPRADEX 20MG CAP
,OMEPRADEX 20MG (14) CPL
,OMEPRADEX 40MG CAP
,OMNIC (N) CAP
,OMRI HEP B I.V<><> AMP
,OMRIGAM 10GM IV <><> AMP
,OMRIGAM 2.5GM IV <><> AMP
,OMRIGAM 5GM IV<><> AMP
,OMRIXATE 1000IU AMP
,ONCOTICE BCG AMP
,OPIUM SIMPLEX(ML) TRA
,ZOVIRAX 800MG TAB
,ZOVIRAX OCUL
,ZYBAN (M) TAB
,ZYLLERGY (ZYTREC) 10MG TAB
,ZYLOL 1OOMG TAB
,ZYLOL 3OOMG TAB
,ZYMAR 0.3% 5ML <><> COL
,ZYPREXA 5MG<><> TAB
,ZYPREXA 10MG<><> TAB
,ZYPREXA 7.5MG<><> TAB
,ZYVOXID ## AMP
,ZYVOXID ## TAB
,ZYVOXID 100MG/5ML ## SUS
